policy,condition,episode,mean_end_trace,median_end_trace,tagged_mean_end_trace,untagged_mean_end_trace,tagged_error_median_km,tagged_error_p90_km,reacquired_fraction
advanced_greedy,nullburn,0,0.011413689771792065,0.009839178522204391,0.011408301795390072,0.011415036765892565,11.234723567962646,20.725721168518067,0.04
advanced_greedy,nullburn,1,0.011445611576892008,0.009353301187949335,0.009815784684145696,0.011853068300078587,7.772925615310669,19.952391433715825,0.04
advanced_greedy,nullburn,2,0.012366080340627514,0.010237915008565376,0.01442550825334608,0.011851223362447875,3.409075975418091,12.607932567596437,0.04
advanced_greedy,nullburn,3,0.011419579198047114,0.01030329878803362,0.010466118955034156,0.01165794425880036,7.653947353363037,22.305600738525392,0.05
advanced_greedy,nullburn,4,0.013270597477186206,0.011061599059918943,0.012830001506157688,0.013380746469943337,7.46231746673584,14.326560878753662,0.06
advanced_greedy,nullburn,5,0.01273353713425464,0.011550172943247384,0.012629611573150795,0.012759518524530602,8.923811197280884,18.158470726013185,0.06
advanced_greedy,nullburn,6,0.009860214614114477,0.008434797925906047,0.010796636500285527,0.009626109142571716,2.367431163787842,22.128231430053713,0.07
advanced_greedy,nullburn,7,0.012553913026054929,0.010739158586690431,0.011918211553682783,0.012712838394147965,4.521453380584717,17.161822891235353,0.04
advanced_greedy,nullburn,8,0.012637482713583286,0.010846231088472866,0.012067847396308956,0.012779891542901867,1.5456209778785706,15.464060497283942,0.06
advanced_greedy,nullburn,9,0.012209296132094961,0.010063265085694533,0.011956155435123735,0.012272581306337774,4.742977619171143,13.854636669158939,0.04
advanced_greedy,nullburn,10,0.012215057250243048,0.00961137716175564,0.01269469666998975,0.012095147395306372,7.738434314727783,17.17326107025147,0.03
advanced_greedy,nullburn,11,0.010999957380765897,0.008600036861517715,0.01143079751210297,0.010892247347931627,9.055588722229004,22.201910972595222,0.08
advanced_greedy,nullburn,12,0.012796089476962544,0.009645217853443955,0.01175891946913572,0.01305538197891925,5.057587623596191,21.370397377014164,0.08
advanced_greedy,nullburn,13,0.011105165782820498,0.009377446617034133,0.011886116920685948,0.010909927998354135,3.953877091407776,13.01401538848877,0.06
advanced_greedy,nullburn,14,0.012071022314248359,0.01025785375386416,0.015250636688766145,0.01127611872061891,4.789701819419861,20.436978340148926,0.07
advanced_greedy,nullburn,15,0.013435646008277048,0.01105906126123334,0.013462137470796318,0.013429023142647234,2.2069928646087646,15.843838882446297,0.04
advanced_greedy,nullburn,16,0.01134135057334541,0.009918932198378912,0.009532120003763531,0.011793658215740879,9.850788116455078,23.98648490905762,0.1
advanced_greedy,nullburn,17,0.012311880973286086,0.009199342949927799,0.01031702079997889,0.01281059601661289,10.209264755249023,25.15242099761963,0.05
advanced_greedy,nullburn,18,0.010319290972579838,0.007911599045986253,0.009971594715682614,0.010406215036804143,5.858246326446533,14.824609947204593,0.03
advanced_greedy,nullburn,19,0.010703075792266141,0.008786514137002287,0.00959593100312065,0.010979861989552517,5.620043992996216,18.09647579193116,0.05
advanced_greedy,nullburn,20,0.012737986824566633,0.010376285584562009,0.011319538056841116,0.013092599016498013,4.3952796459198,17.553224945068365,0.04
advanced_greedy,nullburn,21,0.011928644594953675,0.010425565750549263,0.013779676954901099,0.011465886504966813,5.8233208656311035,21.29658832550049,0.06
advanced_greedy,nullburn,22,0.01064576581046305,0.009332400178914143,0.009598901236665415,0.01090748195391246,8.51476263999939,21.66658840179444,0.07
advanced_greedy,nullburn,23,0.01177353983306863,0.010400778681969551,0.011910213274817272,0.01173937147263147,2.4778685569763184,12.1724708557129,0.1
advanced_greedy,nullburn,24,0.01089367666374434,0.00869161740321786,0.009628842816584632,0.01120988512553427,8.998411655426025,19.085691452026367,0.09
advanced_greedy,nullburn,25,0.01173126677119836,0.008522896298056335,0.011189675857995603,0.011866664499499049,1.8896797895431519,12.309281635284435,0.06
advanced_greedy,nullburn,26,0.012379285508837785,0.010913962462062107,0.013615845506702817,0.012070145509371525,3.190986752510071,14.641230010986328,0.07
advanced_greedy,nullburn,27,0.01340283089296112,0.01038954532617296,0.011138343323004887,0.013968952785450179,7.130436420440674,15.164059066772463,0.08
advanced_greedy,nullburn,28,0.011295506471263095,0.008637733832507221,0.01290203200658166,0.010893875087433454,7.40186071395874,16.36972351074219,0.08
advanced_greedy,nullburn,29,0.011464836011873852,0.01034311932904194,0.01077515020222821,0.011637257464285265,7.440362215042114,21.56788921356201,0.03
advanced_greedy,nullburn,30,0.010215805849777939,0.009198273491665344,0.010221424713635912,0.010214401133813446,7.2535247802734375,19.448183631896978,0.05
advanced_greedy,nullburn,31,0.011048001697658271,0.010320342445455183,0.012299624402376664,0.01073509602147867,4.008567571640015,16.110398197174085,0.03
advanced_greedy,nullburn,32,0.011267753004998451,0.009625823393979795,0.00948155686827101,0.011714302039180308,6.99871563911438,16.945963096618662,0.04
advanced_greedy,nullburn,33,0.012717508167247638,0.010534455572891241,0.012758212697784576,0.012707332034613406,3.6141613721847534,12.781090164184576,0.07
advanced_greedy,nullburn,34,0.011453877294837276,0.009322861683541558,0.01125541530429749,0.011503492792472226,4.471380114555359,19.711575126647954,0.08
advanced_greedy,nullburn,35,0.012902597684815503,0.01050906133065504,0.01217593109404655,0.013084264332507738,4.33726966381073,15.49570407867432,0.08
advanced_greedy,nullburn,36,0.011620205825102705,0.009058185532757796,0.01295166175702649,0.011287341842121757,5.120336532592773,12.415818023681645,0.04
advanced_greedy,nullburn,37,0.013057357442755563,0.010604296185583555,0.015194547085314095,0.012523060032115927,4.360281229019165,12.861065196990971,0.03
advanced_greedy,nullburn,38,0.012072764106979115,0.009137681396886603,0.010795996438348474,0.012391956024136773,1.433048963546753,19.06218719482422,0.04
advanced_greedy,nullburn,39,0.011252457929501485,0.008492641299511763,0.009161362345662723,0.011775231825461176,7.004841566085815,16.39214363098145,0.09
advanced_greedy,nullburn,40,0.010688528004019572,0.008156126220780845,0.010736035294329977,0.010676651181441975,6.243219614028931,15.339624691009522,0.05
advanced_greedy,nullburn,41,0.012288807757478277,0.010008350859486473,0.011294969038271794,0.012537267437279898,8.627219676971436,21.70580596923828,0.01
advanced_greedy,nullburn,42,0.010719355816724207,0.008390657952559142,0.00961839379078579,0.01099459632320881,8.001977443695068,19.624477958679204,0.09
advanced_greedy,nullburn,43,0.012208178870476906,0.010604237065861982,0.011271212087230175,0.01244242056628859,7.150890588760376,20.88473453521729,0.06
advanced_greedy,nullburn,44,0.013408168063592385,0.010525073287680995,0.013915783517562005,0.01328126420009998,3.810580611228943,17.876072883605964,0.03
advanced_greedy,nullburn,45,0.01032117164141342,0.009540813698591052,0.011001222800809337,0.010151158851564437,8.25849962234497,21.081641387939456,0.08
advanced_greedy,nullburn,46,0.011807731409755566,0.010435598745290531,0.012525479212752119,0.011628294459006427,6.309929847717285,16.73297157287598,0.06
advanced_greedy,nullburn,47,0.01126923265487646,0.009097734317334114,0.012114946142480137,0.01105780428297554,7.033709764480591,20.642560768127442,0.08
advanced_greedy,nullburn,48,0.01156906669883177,0.009623784213506674,0.012982680232633765,0.011215663315381272,2.154022753238678,5.047655725479132,0.03
advanced_greedy,nullburn,49,0.011123667938880588,0.009595271235719804,0.00982822661649745,0.011447528269476374,4.078108429908752,12.096530342102053,0.05
advanced_greedy,nullburn,50,0.01052112336625727,0.008885594711245762,0.01133082391834525,0.010318698228235276,1.5282639265060425,19.396582031250002,0.05
advanced_greedy,nullburn,51,0.011927500745567502,0.010696957533425679,0.01082027360745677,0.012204307530095188,4.583801984786987,16.134777927398684,0.07
advanced_greedy,nullburn,52,0.01207830324601545,0.009617344859923355,0.014104591509975678,0.011571731180025394,2.031263291835785,20.431529235839843,0.06
advanced_greedy,nullburn,53,0.012340947869445998,0.00993200757657198,0.012821463658583956,0.012220818922161508,2.5188880562782288,15.5729341506958,0.05
advanced_greedy,nullburn,54,0.011529696085503223,0.009354117346220152,0.009999014002876758,0.011912366606159835,5.2117838859558105,15.350433444976808,0.08
advanced_greedy,nullburn,55,0.012234174212556263,0.009450353738670574,0.013765333047849585,0.011851384503732933,1.2660776376724243,16.36133270263672,0.05
advanced_greedy,nullburn,56,0.011865202101930972,0.009803777289136163,0.010830070188752225,0.01212398508022566,4.691120147705078,14.826216316223148,0.03
advanced_greedy,nullburn,57,0.013689264413983692,0.010439396995038982,0.015079012599803352,0.01334182736752878,1.1317274570465088,12.31698150634767,0.03
advanced_greedy,nullburn,58,0.011381851952608057,0.010787919815088424,0.00914344807293444,0.011941452922526461,3.567467212677002,22.33239898681641,0.07
advanced_greedy,nullburn,59,0.01141833249660153,0.009365739919020993,0.009213529662303585,0.011969533205176016,10.789299488067627,17.1787187576294,0.04
advanced_greedy,nullburn,60,0.011421072084672947,0.00872418948724696,0.00927412721542101,0.011957808301985928,9.164458274841309,16.27609348297119,0.08
advanced_greedy,nullburn,61,0.011399342856815042,0.009302052674678232,0.012140245693339543,0.011214117147683916,0.6300390660762787,11.457452583312993,0.03
advanced_greedy,nullburn,62,0.010501716809565558,0.008714650720438335,0.008796922870923294,0.010927915294226126,6.772254467010498,20.96401672363282,0.06
advanced_greedy,nullburn,63,0.01283694405864552,0.010082989846472126,0.01213057540205196,0.013013536222793911,1.4771217107772827,12.673972606658939,0.06
advanced_greedy,nullburn,64,0.010102036904194249,0.00839149728819058,0.008564939262300656,0.010486311314667646,3.941539764404297,17.451714324951173,0.07
advanced_greedy,nullburn,65,0.012209828012128847,0.010094060736460523,0.011787246814790542,0.012315473311463423,4.933880805969238,16.581817436218262,0.06
advanced_greedy,nullburn,66,0.010448760920049913,0.010098158934129381,0.009145465315739865,0.010774584821127423,6.696380138397217,21.7056848526001,0.1
advanced_greedy,nullburn,67,0.01194090658398722,0.00956848620090429,0.01059823564324047,0.012276574319173908,4.305203199386597,18.468676567077644,0.11
advanced_greedy,nullburn,68,0.011929089636041168,0.009683466444952495,0.0101973558561028,0.012362023081025759,8.608543395996094,19.34658889770508,0.07
advanced_greedy,nullburn,69,0.01204463503717785,0.0105240401474664,0.012985909876975468,0.011809316327228448,2.5346673727035522,12.547162151336675,0.08
advanced_greedy,nullburn,70,0.011315281354884734,0.009384685308557253,0.014085880460158764,0.010622631578566227,3.4929414987564087,14.325831031799318,0.04
advanced_greedy,nullburn,71,0.012801065902495029,0.00990299809898958,0.015712075789352402,0.012073313430780682,2.5764981508255005,15.12233228683472,0.03
advanced_greedy,nullburn,72,0.010848530740959319,0.00914201862758459,0.01107409011971922,0.010792140896269346,8.85968828201294,23.095711898803714,0.08
advanced_greedy,nullburn,73,0.010977379811221422,0.009574499997523554,0.009079716751236826,0.011451795576217571,6.423191070556641,15.115943050384535,0.04
advanced_greedy,nullburn,74,0.01293212074281682,0.010893729824492455,0.012617016995993833,0.013010896679522566,5.443974256515503,15.82660608291626,0.06
advanced_greedy,nullburn,75,0.011267526950360953,0.0095394350485127,0.010888136244667649,0.01136237462678428,6.927291393280029,16.44984254837037,0.08
advanced_greedy,nullburn,76,0.01023627590036994,0.008868865126373974,0.008507378834934007,0.010668500166728925,9.414700031280518,19.640160751342776,0.05
advanced_greedy,nullburn,77,0.010307486904882096,0.00851781179884713,0.010215420071175582,0.010330503613308725,2.737979531288147,19.598812484741213,0.09
advanced_greedy,nullburn,78,0.012060376868152218,0.010902355853831591,0.011740688777556485,0.012140298890801152,2.139506220817566,21.801259040832523,0.08
advanced_greedy,nullburn,79,0.012485401689089595,0.009493513586833053,0.010478817895104945,0.012987047637585758,3.799386143684387,11.832486724853517,0.05
advanced_greedy,nullburn,80,0.010636153845704564,0.008981288766679791,0.010118168278345722,0.010765650237544274,4.928816795349121,12.4961298942566,0.09
advanced_greedy,nullburn,81,0.010211748748130649,0.008513618830756738,0.009952490866101171,0.010276563218638018,5.70223069190979,19.10478572845459,0.11
advanced_greedy,nullburn,82,0.013184761113728122,0.011294622517432767,0.010977697740998531,0.013736526956910517,7.2045629024505615,13.442940235137945,0.07
advanced_greedy,nullburn,83,0.011829399808406159,0.009333513210685991,0.011603682984901552,0.011885829014282309,3.9006859064102173,10.551560688018807,0.04
advanced_greedy,nullburn,84,0.01218475156399353,0.010410769087747442,0.010646965555382058,0.012569198066146394,6.210521459579468,22.936083793640137,0.05
advanced_greedy,nullburn,85,0.01232142774851509,0.00930121379740359,0.01002750492584477,0.012894908454182674,7.020959854125977,16.74262313842774,0.08
advanced_greedy,nullburn,86,0.012532051587665335,0.01079356505322926,0.010716401303012834,0.012985964158828463,5.511131286621094,16.775174713134767,0.09
advanced_greedy,nullburn,87,0.012562472069606853,0.010184467864412192,0.01216288467328693,0.012662368918686837,7.363885164260864,16.06486396789551,0.03
advanced_greedy,nullburn,88,0.012478271536195929,0.010025584307048932,0.013129553204580724,0.01231545111909973,2.4391387701034546,16.403208732604984,0.07
advanced_greedy,nullburn,89,0.013364844155984053,0.01055508265622881,0.014227069568728073,0.01314928780279805,2.466812014579773,11.404734992980963,0.04
advanced_greedy,nullburn,90,0.01099752408708658,0.008882616999302134,0.009636938941243015,0.01133767037354747,8.194072246551514,20.474146461486818,0.07
advanced_greedy,nullburn,91,0.011477466944147639,0.009545969003855771,0.010925195938890136,0.011615534695462013,5.414873838424683,26.081182670593265,0.08
advanced_greedy,nullburn,92,0.011525348896707699,0.008847178791078741,0.012750256007443159,0.011219122119023837,0.3162360191345215,11.140588665008554,0.04
advanced_greedy,nullburn,93,0.010617728826369124,0.008588821917994167,0.011987177870623693,0.010275366565305479,6.802222490310669,25.123393440246584,0.06
advanced_greedy,nullburn,94,0.01096104263942878,0.008760093430892062,0.010357631843375473,0.011111895338442108,7.166494131088257,19.34920768737793,0.07
advanced_greedy,nullburn,95,0.012414711897967355,0.009876413201431697,0.011410149972272571,0.012665852379391048,8.820767402648926,20.498966789245607,0.03
advanced_greedy,nullburn,96,0.01295197421791666,0.011460101730809816,0.012945531853978101,0.012953584808901297,1.1726404428482056,15.641673851013186,0.07
advanced_greedy,nullburn,97,0.010956565053725059,0.009095551830945472,0.010219267798782131,0.01114088936746079,8.358516216278076,19.83403263092041,0.05
advanced_greedy,nullburn,98,0.011341268302224497,0.009936555466113602,0.013263797232126551,0.010860636069748983,2.7425098419189453,8.841486358642586,0.04
advanced_greedy,nullburn,99,0.011375931857097916,0.009928825735457242,0.010024182745172945,0.011713869135079156,3.4431302547454834,11.494234943389898,0.06
advanced_greedy,random,0,0.011413702304695522,0.009839178522204391,0.011408364459907344,0.011415036765892565,25.803462028503418,138.86121978759775,0.04
advanced_greedy,random,1,0.011445611576892008,0.009353301187949335,0.009815784684145696,0.011853068300078587,42.426443099975586,182.4689559936524,0.04
advanced_greedy,random,2,0.012365332789078958,0.01023791500856612,0.014422798108556642,0.011850966459209532,21.140287399291992,201.38916778564464,0.04
advanced_greedy,random,3,0.011418729299851452,0.01030329878803522,0.010461801258913687,0.011657961310085892,35.307769775390625,125.25082092285156,0.05
advanced_greedy,random,4,0.013271639799448882,0.011061085137348636,0.01283498886149145,0.013380802533938238,22.12769317626953,164.63419952392587,0.06
advanced_greedy,random,5,0.01273349153909589,0.011550172943247384,0.012629383597357057,0.012759518524530602,23.090106964111328,181.59023590087895,0.06
advanced_greedy,random,6,0.009851625925528707,0.008429366606198462,0.010753449992581423,0.009626169908765527,28.283710479736328,153.31982116699228,0.07
advanced_greedy,random,7,0.012553683102647303,0.01073892436875854,0.011914911480947612,0.012713376008072225,28.316224098205566,89.87639465332038,0.04
advanced_greedy,random,8,0.012607312125369887,0.01075783314581618,0.012077795804520291,0.012739691205582288,55.464107513427734,136.75919494628909,0.06
advanced_greedy,random,9,0.012207096746242502,0.010056272090944816,0.01195392542902075,0.012270389575547942,13.374075889587402,65.25546073913577,0.04
advanced_greedy,random,10,0.012215057250243048,0.00961137716175564,0.01269469666998975,0.012095147395306372,35.10638999938965,122.54115524292001,0.03
advanced_greedy,random,11,0.01099992162863308,0.008600036861517715,0.011430618751438878,0.010892247347931627,35.43880367279053,172.9487655639649,0.08
advanced_greedy,random,12,0.012796803592456791,0.009645217853443955,0.011762490046606953,0.01305538197891925,28.216830253601074,116.88941192626966,0.08
advanced_greedy,random,13,0.011119298845164181,0.009376765660053426,0.011880932243915043,0.01092889049547646,21.43279266357422,133.77476196289066,0.06
advanced_greedy,random,14,0.012071256926856505,0.010257853753865252,0.015249539950558163,0.01127668617093109,23.60044288635254,53.55844573974623,0.07
advanced_greedy,random,15,0.013433683098110615,0.011059061261232381,0.01345521989724264,0.013428298898327607,49.93430519104004,141.79129486083994,0.04
advanced_greedy,random,16,0.011341215125018358,0.009918932198379679,0.00953163098697643,0.011793611159528839,21.698854446411133,114.89083786010742,0.1
advanced_greedy,random,17,0.01231200509693012,0.009199342949927799,0.010317641418199052,0.01281059601661289,31.28262424468994,132.69011230468757,0.05
advanced_greedy,random,18,0.010319290972579838,0.007911599045986253,0.009971594715682614,0.010406215036804143,25.274596214294434,112.85119552612305,0.03
advanced_greedy,random,19,0.010703077852425517,0.008786514137002287,0.009595941303917527,0.010979861989552517,28.612220764160156,220.01735839843758,0.05
advanced_greedy,random,20,0.012735275384008583,0.010376063047481312,0.011316498143883556,0.013089969694039836,75.31218338012695,220.90420074462904,0.04
advanced_greedy,random,21,0.011929043945887938,0.010425565750549263,0.013781726178498216,0.011465873387735368,41.37661170959473,151.34356536865235,0.06
advanced_greedy,random,22,0.01064576581046305,0.009332400178914143,0.009598901236665415,0.01090748195391246,25.664116859436035,107.44876098632815,0.07
advanced_greedy,random,23,0.011773638110565527,0.010400778681969817,0.011910390390503683,0.011739450040580992,22.596923828125,161.53768615722657,0.1
advanced_greedy,random,24,0.010893797518910722,0.00869161740321786,0.009629447092416542,0.01120988512553427,37.51684379577637,152.47563781738288,0.09
advanced_greedy,random,25,0.01173127070270777,0.008522896298056335,0.011189695515542657,0.011866664499499049,43.122520446777344,237.41872406005865,0.06
advanced_greedy,random,26,0.012378701971416129,0.010913962462062107,0.013612927819594533,0.012070145509371525,31.79517936706543,160.16568756103516,0.07
advanced_greedy,random,27,0.013402693235705414,0.010391510904902566,0.011137655036726361,0.013968952785450179,13.668651103973389,43.330205154418955,0.08
advanced_greedy,random,28,0.011295562491399656,0.008637733832507221,0.012902312107264474,0.010893875087433454,28.950650215148926,132.4539535522461,0.08
advanced_greedy,random,29,0.011464796028326845,0.01034311932904194,0.010774950284493174,0.011637257464285265,32.742923736572266,184.58951416015628,0.03
advanced_greedy,random,30,0.010215805849777939,0.009198273491665344,0.010221424713635912,0.010214401133813446,18.630523681640625,222.0844223022462,0.05
advanced_greedy,random,31,0.011048080733763219,0.010320342445455183,0.012300019582901407,0.01073509602147867,27.272000312805176,78.09516525268573,0.03
advanced_greedy,random,32,0.011267753004998451,0.009625823393979795,0.00948155686827101,0.011714302039180308,39.51935863494873,173.53760833740236,0.04
advanced_greedy,random,33,0.012740262284526087,0.01059057164447922,0.012756642358549125,0.012736167266020329,64.4589672088623,302.13538513183596,0.07
advanced_greedy,random,34,0.011453786212889,0.009322861683541558,0.01125495989455611,0.011503492792472226,22.70797348022461,117.09945526123063,0.08
advanced_greedy,random,35,0.012902407833938883,0.01050906133065504,0.012174981839663467,0.013084264332507738,31.09619426727295,133.9834793090821,0.08
advanced_greedy,random,36,0.011620216220045719,0.009058185532757796,0.012951713731741568,0.011287341842121757,23.06496524810791,116.25756454467795,0.04
advanced_greedy,random,37,0.013057357442755563,0.010604296185583555,0.015194547085314095,0.012523060032115927,39.39575481414795,142.0134155273438,0.03
advanced_greedy,random,38,0.012072774148108345,0.009137681396886603,0.010796046643994629,0.012391956024136773,10.4336256980896,34.40658454895026,0.04
advanced_greedy,random,39,0.01125041643638691,0.008492641299511763,0.009159423946931085,0.011773164558750866,30.955968856811523,121.84594879150399,0.09
advanced_greedy,random,40,0.010688528004019572,0.008156126220780845,0.010736035294329977,0.010676651181441975,20.468087196350098,111.70832977294941,0.05
advanced_greedy,random,41,0.012288863796918651,0.010008350859486473,0.011295249235473676,0.012537267437279898,23.210969924926758,104.61958618164064,0.01
advanced_greedy,random,42,0.010719040084484668,0.008390657952558903,0.00961699449401648,0.010994551482101714,15.90276288986206,95.07495956420912,0.09
advanced_greedy,random,43,0.012220099682316254,0.010604237065861982,0.01133081614642691,0.01244242056628859,27.541939735412598,231.76869964599618,0.06
advanced_greedy,random,44,0.013408144434613857,0.010525073287680995,0.013915665372669372,0.01328126420009998,16.43027353286743,85.6610939025879,0.03
advanced_greedy,random,45,0.010320825992408349,0.009540813698591052,0.010999494555783987,0.010151158851564437,28.338333129882812,95.55135498046877,0.08
advanced_greedy,random,46,0.011809919194820145,0.01043559874529042,0.012536433256428128,0.011628290679418151,25.07967758178711,136.25784301757815,0.06
advanced_greedy,random,47,0.011264670627272797,0.009094948916651864,0.01210575262226671,0.011054400128524317,21.02151870727539,79.34882469177268,0.08
advanced_greedy,random,48,0.01156822378465011,0.009623784213506383,0.012979945029468722,0.011215293473445454,29.45609951019287,168.94865112304694,0.03
advanced_greedy,random,49,0.011143459680869272,0.009687058849841501,0.00983676641379712,0.01147013299763731,37.45686340332031,110.46801681518565,0.05
advanced_greedy,random,50,0.010521554801050699,0.008885827412656741,0.011330290826612311,0.010319370794660299,29.775768280029297,133.5135162353516,0.05
advanced_greedy,random,51,0.011927842702531293,0.010698772380960076,0.010822215325809941,0.012204249546711631,36.35100746154785,90.03401870727542,0.07
advanced_greedy,random,52,0.012078278839399225,0.009617344859923643,0.01410412328635679,0.011571817727659837,32.472588539123535,183.20879516601565,0.06
advanced_greedy,random,53,0.012347569886130162,0.00993200757657209,0.012824673679814973,0.012228293937708959,24.43157958984375,100.98514862060566,0.05
advanced_greedy,random,54,0.0114054712341208,0.009128261544349531,0.010026484094952175,0.011750218018912954,36.94723701477051,179.0422088623048,0.08
advanced_greedy,random,55,0.012233542622536836,0.009450353738672897,0.013763859887814058,0.01185096330621753,13.36755657196045,89.56141204833986,0.05
advanced_greedy,random,56,0.011865225635675644,0.009803777289136163,0.010830187857475587,0.01212398508022566,37.73032760620117,205.0276550292969,0.03
advanced_greedy,random,57,0.013689004347077025,0.010439396995038982,0.015077712265270016,0.01334182736752878,39.373525619506836,102.49463043212907,0.03
advanced_greedy,random,58,0.0113636960632413,0.010712942958448799,0.009094640728172934,0.011930959897008394,30.885573387145996,141.4738830566407,0.07
advanced_greedy,random,59,0.01141833249660153,0.009365739919020993,0.009213529662303585,0.011969533205176016,17.636013984680176,126.66978912353515,0.04
advanced_greedy,random,60,0.011421072084672947,0.00872418948724696,0.00927412721542101,0.011957808301985928,18.096614837646484,77.2839080810547,0.08
advanced_greedy,random,61,0.011401974838194922,0.009302380237984768,0.01214146537894738,0.011217102203006807,23.16080379486084,122.66036529541032,0.03
advanced_greedy,random,62,0.010501802311204768,0.008714650720438855,0.00879692553924966,0.01092802150419355,36.91209602355957,225.031820678711,0.06
advanced_greedy,random,63,0.01283681099853075,0.010082989846472126,0.01212991010147811,0.013013536222793911,15.214012145996094,136.38723297119145,0.06
advanced_greedy,random,64,0.010102294037147201,0.008391497288190782,0.008566596448687989,0.010486218434262003,16.755922317504883,64.23202514648443,0.07
advanced_greedy,random,65,0.012210178855648042,0.010094060736460523,0.011789001032386512,0.012315473311463423,13.873236656188965,39.223944854736374,0.06
advanced_greedy,random,66,0.010713652755257753,0.010238185050952456,0.009792243803358152,0.010944004993232653,23.41391086578369,165.48063354492197,0.08
advanced_greedy,random,67,0.011941496779825866,0.009568486200903815,0.0106009020748737,0.012276645456063908,18.385272979736328,200.40558471679702,0.11
advanced_greedy,random,68,0.011929579640725838,0.009683189432607361,0.010199805879526147,0.012362023081025759,41.81869697570801,188.02855529785163,0.07
advanced_greedy,random,69,0.01204803204210305,0.010524040147469662,0.01300349146558714,0.011809167186232029,20.01711654663086,79.11643753051762,0.08
advanced_greedy,random,70,0.011315367547038544,0.009384685308557253,0.01408631142092782,0.010622631578566227,12.964048862457275,107.18587646484386,0.04
advanced_greedy,random,71,0.012801141629186084,0.009902998098989525,0.01571248508804183,0.012073305764472145,16.25731086730957,102.1386550903321,0.03
advanced_greedy,random,72,0.010848594538024852,0.00914201862758459,0.011074409105046885,0.010792140896269346,27.904702186584473,110.60490493774417,0.08
advanced_greedy,random,73,0.010977379811221422,0.009574499997523554,0.009079716751236826,0.011451795576217571,49.95394325256348,196.9306701660157,0.04
advanced_greedy,random,74,0.012932060968727154,0.010893729824492455,0.012616718125545517,0.013010896679522566,20.42310905456543,116.06240158081073,0.06
advanced_greedy,random,75,0.011267730670676677,0.0095394350485127,0.010889154846246273,0.01136237462678428,24.08735942840576,114.47526779174807,0.08
advanced_greedy,random,76,0.010237799795750237,0.008869293360512162,0.008508540280417937,0.01067011467458331,29.99526882171631,123.9538368225098,0.05
advanced_greedy,random,77,0.010307582581505947,0.00851781179884713,0.010215898454294853,0.010330503613308725,33.959543228149414,123.07836532592786,0.09
advanced_greedy,random,78,0.012060509078883355,0.010908413353595844,0.01174134983121217,0.012140298890801152,38.63189125061035,186.54449615478515,0.08
advanced_greedy,random,79,0.01259822404096612,0.009686679362139523,0.011091129577337966,0.012974997656873159,53.68094253540039,221.28137359619151,0.04
advanced_greedy,random,80,0.010636355066846272,0.00899232404253993,0.01011917438405427,0.010765650237544274,17.346611499786377,138.5900909423829,0.09
advanced_greedy,random,81,0.010210015259768517,0.008513256882995352,0.009948042130570751,0.010275508542067956,26.935344696044922,165.5926467895508,0.11
advanced_greedy,random,82,0.01305729682218157,0.011128654836017254,0.010979332827116762,0.01357678782094777,26.174843788146973,143.17740631103518,0.07
advanced_greedy,random,83,0.011829807559585731,0.009333513210689884,0.0116035652183886,0.011886368144885018,21.5402250289917,66.52653274536134,0.04
advanced_greedy,random,84,0.01218475156399353,0.010410769087747442,0.010646965555382058,0.012569198066146394,45.954830169677734,248.23682861328132,0.05
advanced_greedy,random,85,0.012322784460336252,0.009301381234761173,0.010033904029795225,0.012895004567971508,17.73600673675537,93.88889617919926,0.08
advanced_greedy,random,86,0.012517579190681756,0.010614791642121296,0.010703782267712866,0.012971028421423978,16.46816349029541,54.9712379455567,0.09
advanced_greedy,random,87,0.012564717405392112,0.01018377614095426,0.012160204989659841,0.01266584550932518,37.71511650085449,208.42264251708994,0.03
advanced_greedy,random,88,0.012478245540555377,0.010012067366373122,0.013123365154319815,0.012316965637114267,34.36960792541504,170.43619232177755,0.07
advanced_greedy,random,89,0.013364838067190769,0.01055508265622881,0.014227039124761656,0.01314928780279805,20.42403221130371,117.56489257812503,0.04
advanced_greedy,random,90,0.010996772522289998,0.008882616999302134,0.009633181117260105,0.01133767037354747,41.493675231933594,131.2240982055664,0.07
advanced_greedy,random,91,0.011465800844636484,0.009550085158159676,0.010852788531838287,0.011619053922836036,28.323124885559082,158.26399383544936,0.08
advanced_greedy,random,92,0.011525348896707699,0.008847178791078741,0.012750256007443159,0.011219122119023837,16.792585372924805,113.55604476928721,0.04
advanced_greedy,random,93,0.010617961014945401,0.008588821917995728,0.011988247365173035,0.010275389427388494,22.520158767700195,88.8196517944336,0.06
advanced_greedy,random,94,0.010991742544180498,0.008760030039087943,0.010346005224531805,0.011153176874092674,43.1381893157959,188.21202545166025,0.07
advanced_greedy,random,95,0.012414734289722847,0.009872105106536766,0.011409642097852713,0.012666007337690383,20.50393295288086,189.7336425781251,0.03
advanced_greedy,random,96,0.012952651891521031,0.011461839034816448,0.012948920221999968,0.012953584808901297,28.553390502929688,143.384342956543,0.07
advanced_greedy,random,97,0.010956565053725059,0.009095551830945472,0.010219267798782131,0.01114088936746079,24.90900421142578,122.56910629272464,0.05
advanced_greedy,random,98,0.011343555134754078,0.009953989014192241,0.013266777224327106,0.010862749612360823,37.82902145385742,89.72018280029305,0.04
advanced_greedy,random,99,0.011376360502891565,0.009928825735456826,0.010025788196707535,0.011714003579437575,17.022695064544678,88.35246124267579,0.06
advanced_greedy,stress100to2000,0,0.011429519305378862,0.009887870857360304,0.01141044276410306,0.011434288440697809,1004.7114562988281,3787.8758056640627,0.04
advanced_greedy,stress100to2000,1,0.012529453967288664,0.010461769725895903,0.010749501980245458,0.012974441964049465,1725.0322875976562,4509.3108886718765,0.02
advanced_greedy,stress100to2000,2,0.01237339896822893,0.010237915008564254,0.01447236652566757,0.01184865707886927,791.5911865234375,4849.577636718752,0.04
advanced_greedy,stress100to2000,3,0.01156144441714584,0.010362677680627116,0.010496829784019689,0.011827598075427376,1374.6985473632812,3316.348046875,0.04
advanced_greedy,stress100to2000,4,0.014079335482054584,0.012332585124428837,0.01403940475690707,0.014089318163341465,1078.2300415039062,4174.134960937501,0.03
advanced_greedy,stress100to2000,5,0.012732184479739514,0.011550172943247384,0.012622848300575177,0.012759518524530602,971.8077087402344,3835.8108154296883,0.06
advanced_greedy,stress100to2000,6,0.01034297358084836,0.00900581788482107,0.011387985510041044,0.010081720598550187,1068.3701782226562,4506.785449218751,0.04
advanced_greedy,stress100to2000,7,0.012674520567707166,0.010299991314190845,0.013140911124390331,0.01255792292853638,1016.0590209960938,2786.3474609375007,0.03
advanced_greedy,stress100to2000,8,0.014444094336365211,0.012047179998606682,0.012864779607889298,0.01483892301848419,1733.3861083984375,3050.0224609375005,0.04
advanced_greedy,stress100to2000,9,0.012164537228962663,0.010029683899749491,0.011788731912137628,0.01225848855816892,618.3609619140625,1589.840441894532,0.05
advanced_greedy,stress100to2000,10,0.012235230885592757,0.009611368687739368,0.012694599480403312,0.012120388736890114,1135.48046875,2806.8036865234394,0.03
advanced_greedy,stress100to2000,11,0.012591831045659979,0.010299702777416441,0.01300742759666516,0.012487931907908683,1328.0964965820312,3323.6114746093785,0.07
advanced_greedy,stress100to2000,12,0.01350759724916175,0.010251316828272978,0.013118257069154995,0.013604932294163435,952.2363891601562,3246.132031250001,0.05
advanced_greedy,stress100to2000,13,0.011694212398746372,0.009633127019119309,0.013592783529042913,0.011219569616172237,852.3787536621094,4152.050244140625,0.03
advanced_greedy,stress100to2000,14,0.01294402774287666,0.01097289257923997,0.017568326356387956,0.01178795308949884,974.981201171875,1968.345751953128,0.04
advanced_greedy,stress100to2000,15,0.013073419595029764,0.010582999584473098,0.013114704113990419,0.013063098465289599,1396.4664306640625,3374.0166503906294,0.06
advanced_greedy,stress100to2000,16,0.011783040153424488,0.010425328724029726,0.010281255396031867,0.012158486342772643,758.031005859375,3182.257910156251,0.08
advanced_greedy,stress100to2000,17,0.012748586783686882,0.009368247090637688,0.012013419611144546,0.012932378576822468,971.17431640625,3576.7759521484377,0.02
advanced_greedy,stress100to2000,18,0.010319290972579838,0.007911599045986253,0.009971594715682614,0.010406215036804143,1131.0458374023438,3406.662109375,0.03
advanced_greedy,stress100to2000,19,0.011313693686560447,0.00910219945995922,0.010521073829669839,0.011511848650783096,1180.18408203125,5261.608105468751,0.04
advanced_greedy,stress100to2000,20,0.012797540730835865,0.010897233626396325,0.010860384031875427,0.013281829905575979,1880.3603515625,4889.749023437503,0.05
advanced_greedy,stress100to2000,21,0.012430112020386621,0.010658061890411208,0.014704440889466996,0.011861529803116527,1671.2308349609375,3879.613623046875,0.05
advanced_greedy,stress100to2000,22,0.010836132696323702,0.009644321092820022,0.009599304039780076,0.011145339860459607,789.0924987792969,3296.938256835938,0.07
advanced_greedy,stress100to2000,23,0.013340705153879693,0.011920039076376544,0.014481275754965994,0.013055562503608117,921.4334106445312,4370.545019531251,0.05
advanced_greedy,stress100to2000,24,0.011101518879530502,0.008800789998522515,0.009810596220887856,0.011424249544191165,1008.3038635253906,4085.2325439453125,0.08
advanced_greedy,stress100to2000,25,0.013729677483945277,0.011531961789131306,0.01325672194487582,0.013847916368712637,1566.1915283203125,5485.435058593752,0.03
advanced_greedy,stress100to2000,26,0.012126215759738632,0.010691483870355307,0.014058216705950763,0.011643215523185601,1203.4913635253906,3781.1727783203132,0.06
advanced_greedy,stress100to2000,27,0.013418759717891138,0.010481427221889012,0.011219845300697707,0.013968488322189495,590.0388488769531,1631.0885375976566,0.07
advanced_greedy,stress100to2000,28,0.011744270179253993,0.009355134682242992,0.01408712812598691,0.011158555692570765,1270.5892333984375,3707.502563476563,0.05
advanced_greedy,stress100to2000,29,0.011502134720580117,0.010412419087368868,0.010768989493700908,0.01168542102729992,995.1101684570312,4825.092724609375,0.03
advanced_greedy,stress100to2000,30,0.010352888804494172,0.009299465028254732,0.010902141024605745,0.010215575749466277,725.082763671875,5210.815380859377,0.04
advanced_greedy,stress100to2000,31,0.011052378876935175,0.010321427598459186,0.012311082098347755,0.010737703071582035,820.5910034179688,2378.286523437503,0.03
advanced_greedy,stress100to2000,32,0.01269097623976506,0.010542754265679456,0.011440790838962874,0.013003522589965604,1396.5484008789062,4778.108349609375,0.02
advanced_greedy,stress100to2000,33,0.013551800942055466,0.011047848115111194,0.014503166491995897,0.013313959554570359,2355.3841552734375,6253.887109375,0.04
advanced_greedy,stress100to2000,34,0.012328609461323555,0.010011654408720379,0.013781620405977421,0.01196535672516009,1247.514404296875,3874.148291015626,0.03
advanced_greedy,stress100to2000,35,0.012479874959716631,0.010082903860405923,0.012996316195912303,0.012350764650667711,1136.4713745117188,3544.8855224609383,0.07
advanced_greedy,stress100to2000,36,0.011620410287598306,0.009058185532757796,0.0129526840695045,0.011287341842121757,970.4415893554688,3089.622045898441,0.04
advanced_greedy,stress100to2000,37,0.013058759227893917,0.010605253850681805,0.015196020200402583,0.012524443984766747,1297.3687744140625,3625.5823974609384,0.03
advanced_greedy,stress100to2000,38,0.012509990920599847,0.009768055487708916,0.011951950365956062,0.012649501059260793,471.2382049560547,1139.1852050781256,0.03
advanced_greedy,stress100to2000,39,0.012631928178090042,0.009732246292679362,0.011345709600712841,0.012953482822434342,1100.9224243164062,4631.729687500002,0.04
advanced_greedy,stress100to2000,40,0.010890713709240893,0.008320046399130823,0.010736048189631291,0.010929380089143296,728.6443481445312,3409.085400390628,0.05
advanced_greedy,stress100to2000,41,0.012311225612087511,0.010009572676511163,0.011303493031547884,0.012563158757222415,904.45556640625,3001.3772705078127,0.01
advanced_greedy,stress100to2000,42,0.01071956128788211,0.008390725370209323,0.009675323018372943,0.010980620855259403,634.4861450195312,3080.433813476564,0.09
advanced_greedy,stress100to2000,43,0.012271557118001795,0.010671448844271892,0.011485950468442621,0.01246795878039159,1029.4955139160156,5873.951171875001,0.06
advanced_greedy,stress100to2000,44,0.013502892654985972,0.010544716866113201,0.014054532821816373,0.01336498261327837,802.5633544921875,2856.774682617188,0.02
advanced_greedy,stress100to2000,45,0.010781601219055852,0.009862014918963949,0.011845876264276137,0.01051553245775078,1078.2637634277344,2927.3912597656254,0.07
advanced_greedy,stress100to2000,46,0.011837193067018465,0.010435598745289962,0.012672619644093858,0.011628336422749613,856.1936950683594,3540.674755859377,0.05
advanced_greedy,stress100to2000,47,0.011592170367519708,0.009577431597779407,0.012308680248765637,0.011413042897208226,859.2889709472656,2271.5995117187535,0.07
advanced_greedy,stress100to2000,48,0.011524905579713793,0.009563388244536135,0.012967662553707423,0.011164216336215383,1259.4931640625,4187.533007812501,0.03
advanced_greedy,stress100to2000,49,0.011403420829288998,0.010035669370702757,0.010488858480681212,0.011632061416440945,1461.24658203125,3211.096533203127,0.04
advanced_greedy,stress100to2000,50,0.01062777652193708,0.008988850418679285,0.01168525638979818,0.010363406554971807,739.7877807617188,3922.1224121093755,0.04
advanced_greedy,stress100to2000,51,0.01282177704508099,0.011605511164534161,0.01109472665655235,0.013253539642213149,1414.7868041992188,2956.8927001953134,0.05
advanced_greedy,stress100to2000,52,0.011714769089654313,0.00934653529150727,0.014010230601011846,0.01114090371181493,927.8859252929688,4047.519555664064,0.06
advanced_greedy,stress100to2000,53,0.012634638756354219,0.01051785067645461,0.013073886122969561,0.012524826914700384,1152.4603271484375,2999.3829101562533,0.05
advanced_greedy,stress100to2000,54,0.011654281205368716,0.009727824078793437,0.011488390304861219,0.01169575393049559,1503.0625,4848.257763671876,0.06
advanced_greedy,stress100to2000,55,0.012282333569621306,0.009469494488287607,0.013953168743808305,0.011864624776074556,799.100830078125,2765.521484375001,0.04
advanced_greedy,stress100to2000,56,0.011885594174328369,0.009805015094837236,0.010902134303916556,0.012131459141931325,1371.5315551757812,4932.014501953125,0.02
advanced_greedy,stress100to2000,57,0.013800954714863171,0.010503613143541392,0.015437180771883977,0.01339189820060797,1427.6216430664062,2727.13054199219,0.02
advanced_greedy,stress100to2000,58,0.012221948048547782,0.011083753772239541,0.009958512083580319,0.01278780703978965,1173.8863525390625,4925.356005859377,0.05
advanced_greedy,stress100to2000,59,0.01141833249660153,0.009365739919020993,0.009213529662303585,0.011969533205176016,812.0054016113281,3661.831689453125,0.04
advanced_greedy,stress100to2000,60,0.011466878834304384,0.008843896207199862,0.009558317751672606,0.01194401910496233,604.9619445800781,2218.786401367188,0.09
advanced_greedy,stress100to2000,61,0.011276813378252,0.009041046882032389,0.012141579545392803,0.011060621836466802,909.9988708496094,3900.282153320315,0.03
advanced_greedy,stress100to2000,62,0.010553325986795068,0.008745701401842037,0.008319414807197896,0.011111803781694362,1276.25830078125,5406.328417968752,0.07
advanced_greedy,stress100to2000,63,0.012831369275433482,0.010083860254359193,0.012097509447896115,0.01301483423231782,767.2250671386719,3331.3055908203132,0.06
advanced_greedy,stress100to2000,64,0.011531115088114654,0.010020325598124125,0.010995902417777492,0.011664918255698948,1047.7488403320312,2969.330151367189,0.04
advanced_greedy,stress100to2000,65,0.012209227592473509,0.010061618365055596,0.011842990124875368,0.012300786959373046,619.9162292480469,1536.9227416992196,0.07
advanced_greedy,stress100to2000,66,0.012295190504046639,0.010994710251068743,0.012388138556608702,0.01227195349090612,780.7457580566406,5186.648486328126,0.05
advanced_greedy,stress100to2000,67,0.012763043659805162,0.010339423636250565,0.011528761075421206,0.013071614305901156,960.2764587402344,4300.565917968753,0.1
advanced_greedy,stress100to2000,68,0.012370536044444864,0.00983253369271108,0.011343961104050735,0.012627179779543394,1922.82666015625,4986.978320312504,0.05
advanced_greedy,stress100to2000,69,0.012610805804572335,0.01119533307598758,0.01335661810809102,0.012424352728692665,941.6400146484375,2623.9068359375,0.07
advanced_greedy,stress100to2000,70,0.011318848594138748,0.009384685308557253,0.014103716656428844,0.010622631578566227,682.6520080566406,3195.7486572265643,0.04
advanced_greedy,stress100to2000,71,0.012902602909777038,0.010000283696438081,0.01618090741380559,0.0120830267837699,641.9689636230469,2858.3164306640642,0.02
advanced_greedy,stress100to2000,72,0.011601121611454124,0.010323829916532645,0.011848938228673953,0.011539167457149165,1309.8866577148438,3064.0094726562506,0.06
advanced_greedy,stress100to2000,73,0.011136943283647067,0.009749678682428,0.009658643825484816,0.011506518148187631,1451.7244873046875,4983.836425781251,0.03
advanced_greedy,stress100to2000,74,0.01293109598602084,0.010894505230452652,0.012605527415882906,0.013012488128555325,812.7752685546875,3196.999902343754,0.06
advanced_greedy,stress100to2000,75,0.011974788498318062,0.010065854968059361,0.012102565736023654,0.011942844188891666,801.7213745117188,2979.2934814453142,0.06
advanced_greedy,stress100to2000,76,0.010811780698948196,0.0096442114395218,0.009879239017706761,0.011044916119258558,1207.11962890625,2972.240869140626,0.02
advanced_greedy,stress100to2000,77,0.01097929251522206,0.008647518472564788,0.01337926781543985,0.01037929869016761,1218.6553955078125,5351.3107421875,0.05
advanced_greedy,stress100to2000,78,0.013043051116630264,0.01140156748251073,0.01375594862930247,0.012864826738462214,1262.9678955078125,4503.32587890625,0.06
advanced_greedy,stress100to2000,79,0.013424870043526408,0.010398207135300935,0.012850864270796392,0.013568371486708914,1567.4444580078125,5246.6180175781265,0.03
advanced_greedy,stress100to2000,80,0.013253025450520506,0.011222661379831435,0.012773420932245432,0.013372926580089272,1128.5682373046875,4685.567968750001,0.04
advanced_greedy,stress100to2000,81,0.010519596512926062,0.008676142484694092,0.010581312407996247,0.010504167539158515,1135.5773315429688,4960.156835937502,0.1
advanced_greedy,stress100to2000,82,0.013148886887001155,0.01131632793873864,0.011884038449655404,0.013465098996337587,1059.0991821289062,3723.2718017578127,0.05
advanced_greedy,stress100to2000,83,0.012123455436019146,0.009510046397789048,0.01271220689403342,0.011976267571515578,962.2227783203125,2509.3963623046925,0.02
advanced_greedy,stress100to2000,84,0.012539025274579396,0.011070948410169052,0.011173133654579701,0.012880498179579319,1245.5036010742188,5759.324462890627,0.04
advanced_greedy,stress100to2000,85,0.012315873431704667,0.009378326161557163,0.010187984715404929,0.0128478456107796,790.4579467773438,2701.781030273438,0.07
advanced_greedy,stress100to2000,86,0.012540130165330511,0.010938976121979124,0.011072698482602884,0.012906988086012417,509.46397399902344,1788.1414062500019,0.07
advanced_greedy,stress100to2000,87,0.01334258265864094,0.010738762881631312,0.014968738237281972,0.012936043763980684,1177.5260620117188,5124.529736328126,0.0
advanced_greedy,stress100to2000,88,0.012254585876791688,0.009801433462553227,0.013078939476336274,0.01204849747690554,999.3062133789062,4365.863720703128,0.07
advanced_greedy,stress100to2000,89,0.013275595197298937,0.010267674822559272,0.014149579143473206,0.01305709921075537,913.1287231445312,3123.886596679688,0.05
advanced_greedy,stress100to2000,90,0.011073875328765623,0.00900084801178135,0.009977120919351292,0.011348063931119205,1501.2515869140625,3467.474609375,0.04
advanced_greedy,stress100to2000,91,0.011563180002210207,0.009567442094653388,0.011269050077614763,0.011636712483359072,1115.8578491210938,4923.710693359378,0.06
advanced_greedy,stress100to2000,92,0.011525348896707699,0.008847178791078741,0.012750256007443159,0.011219122119023837,770.3360900878906,2761.42731933594,0.04
advanced_greedy,stress100to2000,93,0.010675047831445815,0.00873661891436065,0.012241591791416704,0.01028341184145309,711.3199157714844,2561.762622070313,0.05
advanced_greedy,stress100to2000,94,0.01157709529344869,0.009274548650207552,0.01176203670744877,0.011530859939948668,1648.5422973632812,4553.928808593752,0.04
advanced_greedy,stress100to2000,95,0.012856420292694999,0.010564093115806236,0.011968612027189903,0.013078372359071272,846.8112487792969,4387.944873046877,0.01
advanced_greedy,stress100to2000,96,0.014276946694438027,0.012449382848562805,0.014943810142300376,0.014110230832472436,796.681640625,3782.189624023438,0.05
advanced_greedy,stress100to2000,97,0.010956565053725059,0.009095551830945472,0.010219267798782131,0.01114088936746079,610.6334838867188,2902.7300781250005,0.05
advanced_greedy,stress100to2000,98,0.011439198092778314,0.009961905399265772,0.013449657971310692,0.01093658312314522,1133.1480102539062,2245.8314453125013,0.03
advanced_greedy,stress100to2000,99,0.011685428294887194,0.010426440594529782,0.010203117336078756,0.012056006034589301,923.9932556152344,2459.164331054688,0.06
frozen_cnnv2_ppo,nullburn,0,0.010493473459888053,0.008890517404914637,0.011683103915309741,0.010196065846032634,4.683484315872192,7.601458215713502,0.15
frozen_cnnv2_ppo,nullburn,1,0.01026699883158838,0.007182786243136719,0.007172410562865097,0.011040645898769196,4.935946464538574,11.19277420043946,0.16
frozen_cnnv2_ppo,nullburn,2,0.010673364959364232,0.007980915114530942,0.013209849803257595,0.010039243748390887,5.476550102233887,11.378272056579593,0.11
frozen_cnnv2_ppo,nullburn,3,0.009909363136265474,0.007688550175364,0.007949238523953964,0.01039939428934335,6.602082252502441,12.636024188995366,0.17
frozen_cnnv2_ppo,nullburn,4,0.012340758965936676,0.009211686016746332,0.010408346199795509,0.012823862157471971,5.786605596542358,10.286585044860841,0.16
frozen_cnnv2_ppo,nullburn,5,0.011147001133156349,0.007976302289274276,0.012293384664153346,0.010860405250407101,3.9877830743789673,11.819912815093996,0.12
frozen_cnnv2_ppo,nullburn,6,0.009137372675490626,0.006825504385174843,0.00943689726051555,0.009062491529234398,4.281867265701294,10.165525054931642,0.15
frozen_cnnv2_ppo,nullburn,7,0.010889568577189984,0.008220556546802498,0.010127255592138135,0.011080146823452947,6.239166736602783,10.656814479827887,0.13
frozen_cnnv2_ppo,nullburn,8,0.011124770941798433,0.008133750656519032,0.009720804438206708,0.011475762567696368,4.242663502693176,9.097521114349366,0.15
frozen_cnnv2_ppo,nullburn,9,0.01051063845402505,0.007535373931677234,0.00974925247382155,0.010700984949075922,5.488347768783569,9.71437320709229,0.13
frozen_cnnv2_ppo,nullburn,10,0.011278365354042457,0.006918032028929391,0.01199789686041366,0.011098482477449654,2.950132131576538,8.630793952941897,0.14
frozen_cnnv2_ppo,nullburn,11,0.010873711371572696,0.007063643883958139,0.011719751657044305,0.010662201300204793,7.67056941986084,16.55727691650392,0.12
frozen_cnnv2_ppo,nullburn,12,0.011392467203668467,0.008481680856421179,0.010694333534454703,0.01156700062097191,4.432334899902344,12.394338417053223,0.17
frozen_cnnv2_ppo,nullburn,13,0.00994282851108791,0.007609132862596258,0.01068982729117621,0.009756078816065838,4.72061824798584,8.777200794219972,0.16
frozen_cnnv2_ppo,nullburn,14,0.011147644032936797,0.008204453426127575,0.015089023049013573,0.010162299278917604,4.542969465255737,16.75098285675049,0.12
frozen_cnnv2_ppo,nullburn,15,0.011426335029776101,0.008998491520642572,0.010644043690882527,0.011621907864499492,3.9436672925949097,9.713888359069825,0.16
frozen_cnnv2_ppo,nullburn,16,0.010660367910509781,0.008130422698983026,0.00877773084434803,0.011131027177050218,3.8927555084228516,10.140778160095225,0.17
frozen_cnnv2_ppo,nullburn,17,0.010931240419475304,0.007210656431699417,0.009780859826718702,0.01121883556766445,3.053358554840088,9.685555934906006,0.14
frozen_cnnv2_ppo,nullburn,18,0.009382195126642389,0.006204988774648469,0.00933777850671727,0.009393299281623668,3.2160788774490356,7.935605192184452,0.13
frozen_cnnv2_ppo,nullburn,19,0.009850343070371644,0.007112344066227457,0.006506010177795213,0.010686426293515754,4.401695728302002,10.94353389739991,0.17
frozen_cnnv2_ppo,nullburn,20,0.010862926405957506,0.007776463189273569,0.010057144215982623,0.01106437195345122,3.3133366107940674,8.170963859558107,0.14
frozen_cnnv2_ppo,nullburn,21,0.011114128263383448,0.008510640596146344,0.014193134054761958,0.010344376815538816,1.714686632156372,4.962158918380738,0.13
frozen_cnnv2_ppo,nullburn,22,0.00973325928290629,0.00776938356594168,0.007575765620417131,0.010272632698528577,6.38504433631897,12.227662658691415,0.15
frozen_cnnv2_ppo,nullburn,23,0.010419031917270364,0.007752900111756969,0.011358573376476003,0.010184146552468954,4.93064546585083,11.573987102508548,0.16
frozen_cnnv2_ppo,nullburn,24,0.00966739134668377,0.006815512633995103,0.008193096075318583,0.010035965164525068,4.257123947143555,8.981834411621094,0.16
frozen_cnnv2_ppo,nullburn,25,0.010937151421578993,0.007329822539711638,0.010245852886005158,0.01110997605547245,3.431758999824524,9.684036445617679,0.12
frozen_cnnv2_ppo,nullburn,26,0.010631079481145871,0.008854811697335041,0.013101567778994624,0.010013457406683683,3.3373308181762695,10.486066341400146,0.14
frozen_cnnv2_ppo,nullburn,27,0.011847921891265831,0.008629136100412311,0.0091284232849276,0.012527796542850389,5.082464694976807,10.790738964080813,0.17
frozen_cnnv2_ppo,nullburn,28,0.010277005626733312,0.006594097820647625,0.011802234805370288,0.009895698332074068,3.292717695236206,9.07822265625,0.12
frozen_cnnv2_ppo,nullburn,29,0.00992292863539127,0.008060101436855586,0.008954011559572688,0.010165157904345915,4.529992580413818,9.206881523132326,0.16
frozen_cnnv2_ppo,nullburn,30,0.008581200360558356,0.005864861194584256,0.007648183048796144,0.008814454688498912,4.038034677505493,9.950127410888674,0.16
frozen_cnnv2_ppo,nullburn,31,0.009486953295775903,0.007828290635862625,0.010173623233592936,0.009315285811321647,4.750600218772888,8.25711545944214,0.15
frozen_cnnv2_ppo,nullburn,32,0.010043708339772852,0.007696595314543628,0.007126370182578059,0.01077304287907155,4.415896654129028,7.572127819061283,0.16
frozen_cnnv2_ppo,nullburn,33,0.010106546543401857,0.00768294078532936,0.010177916715019716,0.010088704000497398,5.046005010604858,10.888044357299806,0.16
frozen_cnnv2_ppo,nullburn,34,0.010264418714967784,0.007181802968855052,0.00921069306884266,0.010527850126499061,2.259307384490967,9.947282505035403,0.15
frozen_cnnv2_ppo,nullburn,35,0.011773621281821599,0.008485583931193398,0.012612084106527002,0.011564005575645245,2.033862352371216,7.112410259246827,0.13
frozen_cnnv2_ppo,nullburn,36,0.010852693160831494,0.00728328070508852,0.013361489809844423,0.010225493998578259,3.4496947526931763,8.489824771881104,0.13
frozen_cnnv2_ppo,nullburn,37,0.013592467494268023,0.009821026698413317,0.016572283111636894,0.012847513589925807,1.866104006767273,7.339154052734379,0.1
frozen_cnnv2_ppo,nullburn,38,0.011250209213997529,0.008311505897625856,0.00886473069724866,0.011846578843184746,6.331548690795898,8.523542022705081,0.14
frozen_cnnv2_ppo,nullburn,39,0.010679198953507154,0.007214676886245438,0.008735950623976255,0.011165011035889879,6.470362901687622,11.765197563171387,0.15
frozen_cnnv2_ppo,nullburn,40,0.010151828088720661,0.007106248047134856,0.00886784191525632,0.010472824632086746,4.17355751991272,10.188192939758304,0.15
frozen_cnnv2_ppo,nullburn,41,0.012301536814762292,0.008864671331977337,0.011056088515257502,0.01261289888963849,6.27752947807312,9.947807979583741,0.13
frozen_cnnv2_ppo,nullburn,42,0.010046926874228949,0.007304079996626724,0.00861003513818413,0.010406149808240154,5.4058356285095215,12.355622959136964,0.15
frozen_cnnv2_ppo,nullburn,43,0.010615463427543144,0.00786924620919911,0.009721506608578397,0.01083895263228433,6.003429889678955,11.212818336486817,0.16
frozen_cnnv2_ppo,nullburn,44,0.012541013301358633,0.009010423978033626,0.013264611158257921,0.012360113837133811,5.523510217666626,12.984977817535405,0.11
frozen_cnnv2_ppo,nullburn,45,0.008870704158621196,0.0066331815850996815,0.011485068420325059,0.008217113093195231,5.710265159606934,9.708036708831788,0.13
frozen_cnnv2_ppo,nullburn,46,0.010208396278589113,0.008019497141899503,0.010792502271149909,0.010062369780448917,3.624277949333191,9.845760822296144,0.12
frozen_cnnv2_ppo,nullburn,47,0.01061772235537878,0.0071604438353367475,0.011135523596008036,0.010488272045221467,2.8451236486434937,12.147926425933841,0.13
frozen_cnnv2_ppo,nullburn,48,0.010889479101660217,0.007792100734888633,0.011893900458844905,0.010638373762364048,3.89863657951355,8.93499116897583,0.14
frozen_cnnv2_ppo,nullburn,49,0.01074988196512698,0.009030139100139448,0.01000405169194992,0.010936339533421246,4.394671440124512,6.929549741744996,0.12
frozen_cnnv2_ppo,nullburn,50,0.009261625900657891,0.006178102827975639,0.00834675421652194,0.00949034382169188,5.250020980834961,10.504476737976075,0.14
frozen_cnnv2_ppo,nullburn,51,0.011370942197390878,0.009168454855651268,0.009515289314291117,0.011834855418165816,4.348535776138306,7.910193443298344,0.15
frozen_cnnv2_ppo,nullburn,52,0.010253678078914202,0.007287434196623436,0.012945649887986766,0.009580685126646062,1.7590275406837463,9.5513240814209,0.12
frozen_cnnv2_ppo,nullburn,53,0.011002579682529053,0.008172036588758202,0.01271375617826817,0.010574785558594268,3.2429436445236206,9.762539577484132,0.11
frozen_cnnv2_ppo,nullburn,54,0.009858934188075466,0.006550118220780493,0.009037795763236543,0.010064218794285196,6.077556133270264,9.200650119781498,0.16
frozen_cnnv2_ppo,nullburn,55,0.011973209604653774,0.008447591496006001,0.014571619525200311,0.01132360712451714,2.537482976913452,8.791257190704346,0.11
frozen_cnnv2_ppo,nullburn,56,0.010467675873941602,0.007164850124134967,0.009096880007265449,0.010810374840610643,6.147817850112915,14.03415832519532,0.14
frozen_cnnv2_ppo,nullburn,57,0.012574162401022604,0.008819413172520909,0.013999819570393101,0.012217748108679979,2.661187529563904,11.683857822418213,0.08
frozen_cnnv2_ppo,nullburn,58,0.010602285330898647,0.008656804711012885,0.007971262796516814,0.011260040964494103,5.335460424423218,12.57531318664551,0.17
frozen_cnnv2_ppo,nullburn,59,0.010906198046933093,0.007982209123156895,0.009587820613082287,0.011235792405395795,4.507660865783691,9.551100540161134,0.13
frozen_cnnv2_ppo,nullburn,60,0.010611324239474487,0.006441544408267221,0.006959291461479664,0.011524332433973194,5.189370632171631,10.186709117889405,0.16
frozen_cnnv2_ppo,nullburn,61,0.010302142533627025,0.007776331307899925,0.011178551085060233,0.010083040395768725,3.933454155921936,10.761378860473634,0.13
frozen_cnnv2_ppo,nullburn,62,0.009642610051704642,0.006705284884669478,0.00800705593242285,0.01005149858152509,4.641893148422241,8.673636245727543,0.15
frozen_cnnv2_ppo,nullburn,63,0.011888806613941321,0.008307858378384995,0.01159795424238734,0.011961519706829814,3.5510687828063965,7.540588188171391,0.12
frozen_cnnv2_ppo,nullburn,64,0.009204840025070375,0.0065575645853330426,0.006148915749693092,0.009968821093914695,6.7307844161987305,11.749131298065192,0.18
frozen_cnnv2_ppo,nullburn,65,0.010944568899849011,0.007810680979708169,0.009756586581660823,0.011241564479396062,3.634336829185486,10.448537921905519,0.13
frozen_cnnv2_ppo,nullburn,66,0.009254603420612195,0.006442790884694017,0.007012785561856888,0.009815057885301019,4.799025058746338,8.465532779693604,0.15
frozen_cnnv2_ppo,nullburn,67,0.011392355212318515,0.0081769410989391,0.011051437838160252,0.011477584555858077,4.327087163925171,10.675456809997565,0.14
frozen_cnnv2_ppo,nullburn,68,0.010256937092257763,0.007581861063936612,0.0073302481186512,0.010988609335659403,5.594961881637573,10.007801437377935,0.16
frozen_cnnv2_ppo,nullburn,69,0.01054482556426288,0.007423506984815018,0.012741082414677186,0.009995761351659301,5.589575529098511,9.516535186767578,0.15
frozen_cnnv2_ppo,nullburn,70,0.009682151341258868,0.007252062883822307,0.01311620343361448,0.008823638318169966,3.4708030223846436,11.376749706268312,0.13
frozen_cnnv2_ppo,nullburn,71,0.01181997940211586,0.007711451203916896,0.015591896894656909,0.010877000028980595,2.0042893290519714,7.667581176757816,0.08
frozen_cnnv2_ppo,nullburn,72,0.010193257198579529,0.007521355540925935,0.01139644910521271,0.009892459221921234,3.727633237838745,8.072352933883671,0.14
frozen_cnnv2_ppo,nullburn,73,0.009064952216269417,0.006385073110951675,0.007025037462925698,0.009574930904605348,4.248405933380127,10.255300807952892,0.17
frozen_cnnv2_ppo,nullburn,74,0.011154209103857473,0.008790436989728284,0.010414909088687191,0.01133903410765004,4.759994029998779,10.854281806945801,0.14
frozen_cnnv2_ppo,nullburn,75,0.010130088366839205,0.0076567406791511125,0.009433785083826526,0.010304164187592373,4.571232318878174,12.676760196685791,0.16
frozen_cnnv2_ppo,nullburn,76,0.009833344677715305,0.0077736791346572,0.006793884807761157,0.010593209645203844,7.425007343292236,13.195665073394778,0.14
frozen_cnnv2_ppo,nullburn,77,0.009172522291075376,0.007304394508538882,0.00963954352977802,0.009055766981399715,4.094667196273804,11.115404415130618,0.14
frozen_cnnv2_ppo,nullburn,78,0.010510459123357957,0.008009708394146858,0.009988288843269381,0.0106410016933801,2.4092049598693848,13.34751825332642,0.15
frozen_cnnv2_ppo,nullburn,79,0.011651410434357029,0.008205835530472503,0.009582103080747483,0.012168737272759418,4.288758397102356,12.532786846160894,0.16
frozen_cnnv2_ppo,nullburn,80,0.00960858710028224,0.0069083141052878015,0.009945523801272603,0.00952435292503465,3.559220552444458,8.583547496795655,0.13
frozen_cnnv2_ppo,nullburn,81,0.009489038035826984,0.0075772937656827825,0.009299755200883306,0.009536358744562903,4.81070613861084,9.363139247894289,0.17
frozen_cnnv2_ppo,nullburn,82,0.012359282577444371,0.009953793663430655,0.010819767729125162,0.012744161289524176,5.619678497314453,8.550180625915528,0.13
frozen_cnnv2_ppo,nullburn,83,0.010907369413418381,0.008006147951541892,0.011476418740244946,0.010765107081711741,3.1339516639709473,7.80655450820923,0.1
frozen_cnnv2_ppo,nullburn,84,0.010756710544644736,0.008245606817999022,0.00877235252732336,0.011252800048975081,5.256305456161499,13.659005928039551,0.17
frozen_cnnv2_ppo,nullburn,85,0.010572415623349369,0.0067535554884995954,0.009561247086037887,0.01082520775767724,3.8320579528808594,9.328687763214118,0.14
frozen_cnnv2_ppo,nullburn,86,0.011242827737425432,0.008171555040322517,0.010207909991975727,0.01150155717378786,4.0143232345581055,8.603299140930178,0.13
frozen_cnnv2_ppo,nullburn,87,0.012249935927538114,0.008674883769222541,0.011786012060860902,0.012365916894207418,3.092850685119629,11.401134014129648,0.14
frozen_cnnv2_ppo,nullburn,88,0.011343759617244407,0.007567755125539825,0.011697253072701136,0.011255386253380219,3.466307282447815,8.700441551208497,0.13
frozen_cnnv2_ppo,nullburn,89,0.011833529703508,0.008578028685992597,0.011633734515492513,0.011883478500511874,3.4085896015167236,8.906957244873048,0.16
frozen_cnnv2_ppo,nullburn,90,0.010119612616866256,0.00712794111775628,0.01069444912426148,0.009975903490017455,2.93328320980072,10.96880655288697,0.15
frozen_cnnv2_ppo,nullburn,91,0.010196071570645258,0.008150290640404328,0.008881660141406778,0.010524674427954881,5.256011247634888,10.06628875732422,0.17
frozen_cnnv2_ppo,nullburn,92,0.009474322166004464,0.006412475752652061,0.011635398007088103,0.008934053205733553,3.005036175251007,11.206904125213624,0.11
frozen_cnnv2_ppo,nullburn,93,0.010003510595085112,0.007520926645364601,0.012064405814236713,0.009488286790297213,5.021198749542236,11.823123168945322,0.09
frozen_cnnv2_ppo,nullburn,94,0.009986629908344043,0.007217553262971476,0.009429931375562552,0.010125804541539416,4.86260199546814,12.051308250427246,0.14
frozen_cnnv2_ppo,nullburn,95,0.009977003784387707,0.007575531269539013,0.009345822461679068,0.010134799115064866,4.743298292160034,8.227636528015138,0.17
frozen_cnnv2_ppo,nullburn,96,0.011500508688689126,0.009069200924064671,0.012203914869956867,0.011324657143372191,3.0823984146118164,9.615193939208986,0.12
frozen_cnnv2_ppo,nullburn,97,0.00959797138210536,0.006799027075219673,0.00830731967089614,0.009920634309907667,4.811068058013916,9.461383533477786,0.14
frozen_cnnv2_ppo,nullburn,98,0.00969702143892565,0.007926928293898947,0.011177595443734447,0.00932687793772345,5.603668451309204,9.154121780395508,0.12
frozen_cnnv2_ppo,nullburn,99,0.010516242647423431,0.008290605236504317,0.008349480711145153,0.011057933131493001,6.417192697525024,8.570182609558106,0.18
frozen_cnnv2_ppo,random,0,0.010494983650582712,0.00889607439157588,0.01169065486878305,0.010196065846032634,21.717395305633545,125.76157150268558,0.15
frozen_cnnv2_ppo,random,1,0.010266854605236304,0.007182786243136719,0.007171689431104723,0.011040645898769196,39.1031436920166,162.32753143310552,0.16
frozen_cnnv2_ppo,random,2,0.010673331742467087,0.007980915114530942,0.013209683718771879,0.010039243748390887,15.958532810211182,203.7346389770509,0.11
frozen_cnnv2_ppo,random,3,0.009909579783268022,0.007686762027867711,0.007950321758966709,0.01039939428934335,29.210908889770508,120.86079788208008,0.17
frozen_cnnv2_ppo,random,4,0.012340645671682516,0.009211686016746332,0.010407779728524705,0.012823862157471971,17.39208221435547,160.93802032470705,0.16
frozen_cnnv2_ppo,random,5,0.011147138453564586,0.007976302289274276,0.012294071266194535,0.010860405250407101,22.74042320251465,177.44663085937506,0.12
frozen_cnnv2_ppo,random,6,0.009137407330372122,0.006833232422523721,0.00943707053492302,0.009062491529234398,16.80034875869751,151.39563446044932,0.15
frozen_cnnv2_ppo,random,7,0.01088959812518101,0.008220556546802498,0.010127403332093278,0.011080146823452947,25.713231086730957,68.95784912109377,0.13
frozen_cnnv2_ppo,random,8,0.011128902836023984,0.008133750656519032,0.00974146390933445,0.011475762567696368,49.39457321166992,99.8208312988282,0.15
frozen_cnnv2_ppo,random,9,0.010510658664686846,0.0075355374461116235,0.009749353527130543,0.010700984949075922,13.34805965423584,63.629287719726584,0.13
frozen_cnnv2_ppo,random,10,0.011278220830755071,0.006918032028929391,0.011997174243976724,0.011098482477449654,29.741146087646484,91.65084381103517,0.14
frozen_cnnv2_ppo,random,11,0.010873423867731791,0.007063643883958139,0.011718314137839778,0.010662201300204793,31.852375984191895,141.7406066894532,0.12
frozen_cnnv2_ppo,random,12,0.011393044003984125,0.008481680856421179,0.010697217536032973,0.01156700062097191,18.55442714691162,99.0732246398927,0.17
frozen_cnnv2_ppo,random,13,0.009943256481654032,0.0076076057341171194,0.010691967144006808,0.009756078816065838,15.28710651397705,157.41310272216796,0.16
frozen_cnnv2_ppo,random,14,0.011147719121142152,0.008204453426127575,0.015089398490040346,0.010162299278917604,17.61732006072998,65.75287246704113,0.12
frozen_cnnv2_ppo,random,15,0.011425816673514295,0.008998491520642572,0.010641451909573505,0.011621907864499492,37.39273262023926,142.81425323486337,0.16
frozen_cnnv2_ppo,random,16,0.01066697702953447,0.008131080254123978,0.008810776439471476,0.011131027177050218,16.633312225341797,65.26857337951662,0.17
frozen_cnnv2_ppo,random,17,0.010931120210143995,0.007210656431699417,0.009780258780062168,0.01121883556766445,18.933643341064453,128.38035354614263,0.14
frozen_cnnv2_ppo,random,18,0.009382277559300158,0.006204988774648469,0.009338190670006118,0.009393299281623668,28.445616722106934,110.96878204345704,0.13
frozen_cnnv2_ppo,random,19,0.009851984804790442,0.007112344066227457,0.006514218849889191,0.010686426293515754,20.989869117736816,176.77512664794926,0.17
frozen_cnnv2_ppo,random,20,0.01086319880502504,0.007776463189273569,0.01005850621132032,0.01106437195345122,71.7988166809082,197.032406616211,0.14
frozen_cnnv2_ppo,random,21,0.011114375720022917,0.008510640596146344,0.014194371337959328,0.010344376815538816,39.25091552734375,130.333814239502,0.13
frozen_cnnv2_ppo,random,22,0.009733109762151755,0.00776938356594168,0.007575018016644471,0.010272632698528577,19.726167678833008,112.35799179077151,0.15
frozen_cnnv2_ppo,random,23,0.01041916111143465,0.007752900111756969,0.011359219347297427,0.010184146552468954,17.73624324798584,151.06671447753908,0.16
frozen_cnnv2_ppo,random,24,0.009667262914116775,0.006815512633995103,0.008192453912483607,0.010035965164525068,28.11312961578369,92.10770874023451,0.16
frozen_cnnv2_ppo,random,25,0.010938882606390952,0.007329822539711638,0.010254508810064952,0.01110997605547245,38.54605293273926,189.618978881836,0.12
frozen_cnnv2_ppo,random,26,0.010630921398517573,0.008854811697335041,0.01310077736585313,0.010013457406683683,29.01742458343506,121.92635269165045,0.14
frozen_cnnv2_ppo,random,27,0.011863482488430402,0.008629504408787157,0.009206226270750455,0.012527796542850389,12.053561210632324,41.96066818237305,0.17
frozen_cnnv2_ppo,random,28,0.010277036472099255,0.006594097820647625,0.011802389032200006,0.009895698332074068,28.254056930541992,141.73626861572268,0.12
frozen_cnnv2_ppo,random,29,0.009922873213661823,0.008060101436855586,0.008953734450925453,0.010165157904345915,24.85003089904785,169.0501617431641,0.16
frozen_cnnv2_ppo,random,30,0.008580982832908906,0.005864861194584256,0.0076470954105488905,0.008814454688498912,17.954087257385254,162.6587493896485,0.16
frozen_cnnv2_ppo,random,31,0.009487137917713355,0.007828290635862625,0.010174546343280187,0.009315285811321647,21.44516944885254,72.09039306640635,0.15
frozen_cnnv2_ppo,random,32,0.010043550799225476,0.007696595314543628,0.007125582479841172,0.01077304287907155,41.05035591125488,122.98634948730476,0.16
frozen_cnnv2_ppo,random,33,0.010106501859997216,0.0076835205404101985,0.0101776932979965,0.010088704000497398,57.56365203857422,194.67635803222663,0.16
frozen_cnnv2_ppo,random,34,0.010264421589469162,0.007181802968855052,0.009210707441349554,0.010527850126499061,21.998504638671875,106.25394821166995,0.15
frozen_cnnv2_ppo,random,35,0.01177350518201047,0.008485583931193398,0.012611503607471342,0.011564005575645245,28.45640754699707,170.99966888427736,0.13
frozen_cnnv2_ppo,random,36,0.010853074947528032,0.00728328070508852,0.013363398743327124,0.010225493998578259,20.51139736175537,108.92810363769541,0.13
frozen_cnnv2_ppo,random,37,0.013592077239699634,0.009821026698413317,0.01657033183879494,0.012847513589925807,32.45509338378906,124.6923286437989,0.1
frozen_cnnv2_ppo,random,38,0.01125020795856505,0.008311505897625856,0.008864724420086272,0.011846578843184746,10.229393005371094,32.75261554718021,0.14
frozen_cnnv2_ppo,random,39,0.010678893292758063,0.007214676886245438,0.008734422320230804,0.011165011035889879,28.62892246246338,147.74117736816407,0.15
frozen_cnnv2_ppo,random,40,0.010152139982195878,0.007106248047134856,0.008869401382632414,0.010472824632086746,19.28661823272705,105.92852020263688,0.15
frozen_cnnv2_ppo,random,41,0.012303636377873689,0.008864671331977337,0.011066586330814483,0.01261289888963849,16.131169319152832,102.30587615966799,0.13
frozen_cnnv2_ppo,random,42,0.010046933010730074,0.007304079996626724,0.008610065820689768,0.010406149808240154,13.759399890899658,101.22182006835949,0.15
frozen_cnnv2_ppo,random,43,0.010614906304238877,0.007867670025833325,0.009718720992057067,0.01083895263228433,21.511439323425293,271.240512084961,0.16
frozen_cnnv2_ppo,random,44,0.012541032702676279,0.009010807520088473,0.01326470816484615,0.012360113837133811,16.87487554550171,77.8958679199219,0.11
frozen_cnnv2_ppo,random,45,0.008871354752918425,0.0066331815850996815,0.0114883213918112,0.008217113093195231,21.526363372802734,82.88235092163087,0.13
frozen_cnnv2_ppo,random,46,0.010209131756086716,0.008019497141899503,0.010796179658637915,0.010062369780448917,18.87307834625244,137.72323303222657,0.12
frozen_cnnv2_ppo,random,47,0.010617953003498775,0.0071604438353367475,0.011136676836608005,0.010488272045221467,16.705368995666504,58.995388031005945,0.13
frozen_cnnv2_ppo,random,48,0.010889298167777603,0.007792100734888633,0.011892995789431832,0.010638373762364048,21.154419898986816,166.6157180786133,0.14
frozen_cnnv2_ppo,random,49,0.010752393434482675,0.009030139100139448,0.010016609038728386,0.010936339533421246,30.360563278198242,109.39143295288096,0.12
frozen_cnnv2_ppo,random,50,0.009260798533476288,0.006178131173669564,0.008342617380613922,0.00949034382169188,23.196707725524902,130.6083023071289,0.14
frozen_cnnv2_ppo,random,51,0.011371005189836327,0.009168454855651268,0.009515604276518364,0.011834855418165816,27.976539611816406,104.33364257812504,0.15
frozen_cnnv2_ppo,random,52,0.0102536152099883,0.007287434196623436,0.01294533554335727,0.009580685126646062,26.460537910461426,154.81588439941407,0.12
frozen_cnnv2_ppo,random,53,0.011007119166555793,0.008172036588758202,0.012736453598401887,0.010574785558594268,26.37351131439209,98.29719161987319,0.11
frozen_cnnv2_ppo,random,54,0.009862373229891532,0.00655056646490838,0.009054990972316865,0.010064218794285196,31.289387702941895,179.64427795410168,0.16
frozen_cnnv2_ppo,random,55,0.011973372878140057,0.008447591496006001,0.014572435892631724,0.01132360712451714,11.279583930969238,82.08006820678713,0.11
frozen_cnnv2_ppo,random,56,0.010467218261968654,0.007164850124134967,0.009094591947400716,0.010810374840610643,28.721101760864258,174.58894348144537,0.14
frozen_cnnv2_ppo,random,57,0.012574068242781128,0.008819413172520909,0.013999348779185716,0.012217748108679979,35.6713924407959,98.8652214050294,0.08
frozen_cnnv2_ppo,random,58,0.010602378534657122,0.008656804711012885,0.007971728815309196,0.011260040964494103,18.077153205871582,138.3643875122071,0.17
frozen_cnnv2_ppo,random,59,0.010906327034890015,0.007982209123156895,0.009588465552866902,0.011235792405395795,13.436989784240723,116.21473617553713,0.13
frozen_cnnv2_ppo,random,60,0.010611523059421344,0.006441544408267221,0.0069602855612139495,0.011524332433973194,13.9311203956604,63.133022308349624,0.16
frozen_cnnv2_ppo,random,61,0.010302583760256154,0.007775676230717557,0.011180757218205876,0.010083040395768725,19.956253051757812,89.48214035034181,0.13
frozen_cnnv2_ppo,random,62,0.00964294134363815,0.006705284884669478,0.008008712392090393,0.01005149858152509,27.85924530029297,219.84835510253913,0.15
frozen_cnnv2_ppo,random,63,0.011890083871091481,0.008307858378384995,0.011604340528138144,0.011961519706829814,10.242626190185547,135.68350524902348,0.12
frozen_cnnv2_ppo,random,64,0.009204716816937165,0.0065575645853330426,0.006148299709027048,0.009968821093914695,16.881492614746094,57.544626617431675,0.18
frozen_cnnv2_ppo,random,65,0.010944856550805659,0.007810680979708169,0.009758024836444052,0.011241564479396062,11.63102912902832,65.28765335083008,0.13
frozen_cnnv2_ppo,random,66,0.00925820185238458,0.006442790884694017,0.007030777720718817,0.009815057885301019,15.744795322418213,149.87217254638682,0.15
frozen_cnnv2_ppo,random,67,0.011391735942840406,0.0081769410989391,0.011048341490769702,0.011477584555858077,22.522578239440918,167.23075103759777,0.14
frozen_cnnv2_ppo,random,68,0.01025685946471525,0.007582108783133595,0.007329859980938651,0.010988609335659403,35.12129783630371,197.31562347412128,0.16
frozen_cnnv2_ppo,random,69,0.010545175123861725,0.007423506984815018,0.012742830212671419,0.009995761351659301,17.197997093200684,87.71262817382815,0.15
frozen_cnnv2_ppo,random,70,0.009681882191331606,0.007252062883822307,0.013114857683978168,0.008823638318169966,10.98850965499878,99.22113571166997,0.13
frozen_cnnv2_ppo,random,71,0.011820460827870138,0.007711451203916896,0.015594304023428318,0.010877000028980595,10.274189472198486,97.08354263305667,0.08
frozen_cnnv2_ppo,random,72,0.010193381109264819,0.007522855726784688,0.011397068658639166,0.009892459221921234,34.35879611968994,114.66986465454103,0.14
frozen_cnnv2_ppo,random,73,0.00906591672342111,0.006385073110951675,0.007029859998684147,0.009574930904605348,48.79935073852539,172.93121185302746,0.17
frozen_cnnv2_ppo,random,74,0.011153888328045272,0.008790436989728284,0.010413305209626179,0.01133903410765004,15.750128746032715,117.91795959472661,0.14
frozen_cnnv2_ppo,random,75,0.010139877326774738,0.0076567406791511125,0.009482729883504199,0.010304164187592373,14.223201751708984,117.5780158996583,0.16
frozen_cnnv2_ppo,random,76,0.009838651806982481,0.0077736791346572,0.006820420454097033,0.010593209645203844,29.609002113342285,111.38540115356446,0.13
frozen_cnnv2_ppo,random,77,0.009173382330279194,0.007304394508538882,0.009643843725797106,0.009055766981399715,28.008886337280273,201.71462402343752,0.14
frozen_cnnv2_ppo,random,78,0.010515363530449162,0.008009708394146858,0.010012810878725397,0.0106410016933801,33.474472999572754,175.22847290039064,0.15
frozen_cnnv2_ppo,random,79,0.01165140579993,0.008205835530472503,0.009582079908612349,0.012168737272759418,43.5733757019043,175.0702423095705,0.16
frozen_cnnv2_ppo,random,80,0.009608661815806156,0.0069083141052878015,0.00994589737889218,0.00952435292503465,15.100347518920898,114.43169479370128,0.13
frozen_cnnv2_ppo,random,81,0.009490120236023868,0.007578346748703545,0.009305166201867731,0.009536358744562903,33.72877788543701,198.69665374755863,0.17
frozen_cnnv2_ppo,random,82,0.012359321669642957,0.009955900984438028,0.0108199631901181,0.012744161289524176,23.706320762634277,129.98516540527348,0.13
frozen_cnnv2_ppo,random,83,0.010915587188441123,0.008006147951541892,0.011517507615358635,0.010765107081711741,16.684626579284668,86.20055313110376,0.1
frozen_cnnv2_ppo,random,84,0.010754238667861144,0.008245606817999022,0.008759993143405394,0.011252800048975081,43.59724807739258,180.8988693237305,0.17
frozen_cnnv2_ppo,random,85,0.010566052763926179,0.0067535554884995954,0.009529432788921943,0.01082520775767724,15.568599700927734,76.9087028503418,0.14
frozen_cnnv2_ppo,random,86,0.011242840392425915,0.008171555040322517,0.010207973266978141,0.01150155717378786,10.44197702407837,59.83963203430182,0.13
frozen_cnnv2_ppo,random,87,0.012250010899336507,0.008674883769222541,0.011786386919852865,0.012365916894207418,34.2135705947876,156.52589569091802,0.14
frozen_cnnv2_ppo,random,88,0.0113438059641401,0.007567968738051538,0.011697484807179605,0.011255386253380219,27.885364532470703,164.9003479003906,0.13
frozen_cnnv2_ppo,random,89,0.011837217475438543,0.008578028685992597,0.011652173375145224,0.011883478500511874,15.165621757507324,120.7726585388184,0.16
frozen_cnnv2_ppo,random,90,0.010120474404606221,0.00712794111775628,0.010698758062961309,0.009975903490017455,37.927977561950684,123.60146942138674,0.15
frozen_cnnv2_ppo,random,91,0.010196082391050602,0.008150290640404328,0.008881714243433493,0.010524674427954881,23.749642372131348,161.8344909667971,0.17
frozen_cnnv2_ppo,random,92,0.009474293000826094,0.006412475752652061,0.011635252181196263,0.008934053205733553,20.06659507751465,82.10025558471688,0.11
frozen_cnnv2_ppo,random,93,0.010003578646608386,0.007525616260731798,0.012064746071853078,0.009488286790297213,16.309831142425537,90.39984359741212,0.09
frozen_cnnv2_ppo,random,94,0.009987164854521592,0.007217553262971476,0.009432606106450293,0.010125804541539416,44.924903869628906,193.50977630615242,0.14
frozen_cnnv2_ppo,random,95,0.009977799774199396,0.007575531269539013,0.009349802410737518,0.010134799115064866,11.900665760040283,181.63851470947267,0.17
frozen_cnnv2_ppo,random,96,0.01150063372833649,0.009069200924064671,0.012204540068193676,0.011324657143372191,27.746923446655273,172.97286834716797,0.12
frozen_cnnv2_ppo,random,97,0.009597833650985196,0.006799225732653985,0.008306631015295317,0.009920634309907667,19.910395622253418,127.687841796875,0.14
frozen_cnnv2_ppo,random,98,0.00970167496312564,0.007926928293898947,0.011200863064734404,0.00932687793772345,33.37348175048828,81.21361999511727,0.12
frozen_cnnv2_ppo,random,99,0.010521104375578825,0.008290605236504317,0.008373789351922109,0.011057933131493001,17.843292236328125,89.72022628784181,0.18
frozen_cnnv2_ppo,stress100to2000,0,0.010523092413349706,0.00891641667689436,0.011831198682618015,0.010196065846032634,975.0353698730469,3520.7864746093755,0.15
frozen_cnnv2_ppo,stress100to2000,1,0.010486606730372152,0.007278952306359683,0.00827045005678397,0.011040645898769196,1687.086669921875,4779.342431640625,0.14
frozen_cnnv2_ppo,stress100to2000,2,0.010701390938721099,0.007980915114530942,0.013349979700041936,0.010039243748390887,807.0528259277344,4799.363183593752,0.1
frozen_cnnv2_ppo,stress100to2000,3,0.009951379261936174,0.008058066418805986,0.008159319152307467,0.01039939428934335,911.4464721679688,3069.4552734375,0.16
frozen_cnnv2_ppo,stress100to2000,4,0.01255834474786479,0.009211306614788417,0.011500898509329801,0.012822706307498535,836.5496215820312,4149.833740234376,0.15
frozen_cnnv2_ppo,stress100to2000,5,0.011162441172611037,0.008107812542201926,0.012370584861426785,0.010860405250407101,876.16259765625,3704.4455078125006,0.12
frozen_cnnv2_ppo,stress100to2000,6,0.009301879688573855,0.007189189534429997,0.010805535118088625,0.008925965831195159,676.3629150390625,5136.3558105468765,0.12
frozen_cnnv2_ppo,stress100to2000,7,0.011820077553346395,0.00882110761019735,0.014562909202840701,0.01113436964097282,877.8881530761719,3066.9419433593757,0.07
frozen_cnnv2_ppo,stress100to2000,8,0.011215367009189075,0.008394550881562397,0.01003525183142047,0.011510395803631225,1766.798095703125,3066.186694335939,0.15
frozen_cnnv2_ppo,stress100to2000,9,0.010498483903527908,0.007535496096868497,0.009693400361085609,0.010699754789138483,681.617431640625,1488.088281250001,0.12
frozen_cnnv2_ppo,stress100to2000,10,0.011345787039449558,0.006963952309997282,0.012335005287449166,0.011098482477449654,1292.9172973632812,2930.4365966796922,0.13
frozen_cnnv2_ppo,stress100to2000,11,0.011082147748525749,0.007435116632765441,0.012761933541809569,0.010662201300204793,1294.9739990234375,5233.906835937501,0.11
frozen_cnnv2_ppo,stress100to2000,12,0.01166217515673598,0.008743220859159972,0.011899432678037896,0.0116028607764105,958.8504333496094,3262.537475585939,0.16
frozen_cnnv2_ppo,stress100to2000,13,0.009974679406462503,0.007598287198733254,0.010849081768049162,0.009756078816065838,756.8974304199219,4356.094482421875,0.16
frozen_cnnv2_ppo,stress100to2000,14,0.011167615266047995,0.008204453426127575,0.015188879214569559,0.010162299278917604,765.6441650390625,2602.3539794921894,0.12
frozen_cnnv2_ppo,stress100to2000,15,0.011453822573606935,0.008998491520642572,0.010781481410036695,0.011621907864499492,1181.370849609375,3465.452319335942,0.16
frozen_cnnv2_ppo,stress100to2000,16,0.010694842960256372,0.008375092330036688,0.008950106093080988,0.011131027177050218,659.71142578125,2540.1530273437506,0.17
frozen_cnnv2_ppo,stress100to2000,17,0.01093945108990743,0.007210656431699417,0.009821913178879347,0.01121883556766445,852.7887573242188,3373.814404296875,0.14
frozen_cnnv2_ppo,stress100to2000,18,0.009392643652586052,0.006204988774648469,0.009390021136435587,0.009393299281623668,1152.0828857421875,3265.2536865234374,0.13
frozen_cnnv2_ppo,stress100to2000,19,0.009866505400122138,0.007112344066227457,0.006586821826547684,0.010686426293515754,922.4440612792969,4825.116308593751,0.16
frozen_cnnv2_ppo,stress100to2000,20,0.010917961931583696,0.0077765839134547095,0.010332321844113587,0.01106437195345122,1725.9730224609375,5919.639550781251,0.13
frozen_cnnv2_ppo,stress100to2000,21,0.011134062154656477,0.008578861450935567,0.014292803511127123,0.010344376815538816,1621.279541015625,3664.580541992188,0.12
frozen_cnnv2_ppo,stress100to2000,22,0.009746102015351954,0.00776938356594168,0.0076399792826454494,0.010272632698528577,768.47314453125,3363.050073242188,0.15
frozen_cnnv2_ppo,stress100to2000,23,0.010626010943397119,0.007938932036429404,0.012393468507109763,0.010184146552468954,831.0467529296875,4497.651660156251,0.12
frozen_cnnv2_ppo,stress100to2000,24,0.009970536703970165,0.007357821728863488,0.009708822861750555,0.010035965164525068,936.4143981933594,3240.7806396484384,0.14
frozen_cnnv2_ppo,stress100to2000,25,0.011197415849968684,0.007602207874881566,0.011547175027953618,0.01110997605547245,1399.8394165039062,5471.561523437502,0.08
frozen_cnnv2_ppo,stress100to2000,26,0.010661573040116869,0.008912796063255441,0.013254035573849621,0.010013457406683683,1275.7146606445312,3752.8691650390633,0.13
frozen_cnnv2_ppo,stress100to2000,27,0.011923783617415253,0.00853268518945083,0.009507731915674712,0.012527796542850389,463.911376953125,1449.673107910157,0.16
frozen_cnnv2_ppo,stress100to2000,28,0.010287000178603766,0.006594097820647625,0.011852207564722559,0.009895698332074068,1309.4963989257812,3893.767114257813,0.12
frozen_cnnv2_ppo,stress100to2000,29,0.00994899330509947,0.008060101436855586,0.009084334908113684,0.010165157904345915,923.7903137207031,4413.966992187501,0.16
frozen_cnnv2_ppo,stress100to2000,30,0.008606274441989888,0.005945987600407351,0.007773553455953801,0.008814454688498912,731.9706420898438,4210.765283203128,0.16
frozen_cnnv2_ppo,stress100to2000,31,0.009489648853967676,0.007828290635862625,0.010187101024551804,0.009315285811321647,776.0363464355469,2321.28093261719,0.15
frozen_cnnv2_ppo,stress100to2000,32,0.010096332121735592,0.0077232408397589665,0.007389489092391753,0.01077304287907155,1493.115234375,3960.1677734375016,0.15
frozen_cnnv2_ppo,stress100to2000,33,0.010409134500808406,0.007941394255688475,0.011702950579558245,0.010085680481120945,2263.7891845703125,5952.257470703125,0.14
frozen_cnnv2_ppo,stress100to2000,34,0.010458316248760669,0.007181802968855052,0.010180180737807094,0.010527850126499061,1030.6419982910156,3858.4673828125,0.14
frozen_cnnv2_ppo,stress100to2000,35,0.011799937456072503,0.008520915023586964,0.01274366497778153,0.011564005575645245,1145.2498779296875,4274.477441406251,0.11
frozen_cnnv2_ppo,stress100to2000,36,0.010900262370569925,0.007403673386827726,0.013599335858536569,0.010225493998578259,883.6546325683594,3099.295092773441,0.11
frozen_cnnv2_ppo,stress100to2000,37,0.013633917005162779,0.009821026698413317,0.01677953066611066,0.012847513589925807,1049.1361083984375,3600.4940673828137,0.1
frozen_cnnv2_ppo,stress100to2000,38,0.011482245645447746,0.008618808564427014,0.010024912854499753,0.011846578843184746,413.065185546875,913.2492797851572,0.12
frozen_cnnv2_ppo,stress100to2000,39,0.010951083186734177,0.007935727029338237,0.010095371790111371,0.011165011035889879,1095.3070678710938,4404.320410156251,0.13
frozen_cnnv2_ppo,stress100to2000,40,0.010164949352966485,0.007106248047134856,0.008933448236485458,0.010472824632086746,747.6013793945312,3319.6549072265652,0.12
frozen_cnnv2_ppo,stress100to2000,41,0.012319252678933112,0.008864671331977337,0.011144667836111607,0.01261289888963849,785.1124267578125,2711.7908203125007,0.12
frozen_cnnv2_ppo,stress100to2000,42,0.010060496123033027,0.007304079996626724,0.008677881382204527,0.010406149808240154,541.2074279785156,3276.4147949218755,0.14
frozen_cnnv2_ppo,stress100to2000,43,0.011060552314566627,0.007927959591473294,0.010962774878442102,0.011084996673597755,1123.2537841796875,6648.7341796875,0.15
frozen_cnnv2_ppo,stress100to2000,44,0.012859168798026049,0.009239215129761467,0.014855388641594993,0.012360113837133811,780.77001953125,2749.70947265625,0.08
frozen_cnnv2_ppo,stress100to2000,45,0.009321615186630694,0.00667606848177223,0.013045845708695186,0.00839055755611457,807.0046997070312,2912.837060546875,0.12
frozen_cnnv2_ppo,stress100to2000,46,0.010243819091561936,0.008204553585387775,0.010969616336014015,0.010062369780448917,908.7178039550781,3620.862304687502,0.12
frozen_cnnv2_ppo,stress100to2000,47,0.010698913058219534,0.008098399064811435,0.011541477110211805,0.010488272045221467,844.2115783691406,2065.949694824221,0.12
frozen_cnnv2_ppo,stress100to2000,48,0.01091740365522574,0.007974018740525252,0.012033523226672508,0.010638373762364048,913.939208984375,4286.795214843751,0.12
frozen_cnnv2_ppo,stress100to2000,49,0.01077242438520448,0.009030139100139448,0.010116763792337422,0.010936339533421246,1122.4143676757812,3171.0799072265645,0.11
frozen_cnnv2_ppo,stress100to2000,50,0.009385687330766258,0.0062853130236729905,0.008996583136122154,0.009482963379427287,699.96142578125,3934.1919433593753,0.14
frozen_cnnv2_ppo,stress100to2000,51,0.011441612156893233,0.00920699784349212,0.009868639111802894,0.011834855418165816,1156.6624145507812,3490.4102050781257,0.14
frozen_cnnv2_ppo,stress100to2000,52,0.010291537584467492,0.007603154317643537,0.013134947415753226,0.009580685126646062,1002.3972473144531,4064.895996093751,0.1
frozen_cnnv2_ppo,stress100to2000,53,0.011149809162934237,0.008329901433663127,0.013449903580294104,0.010574785558594268,1168.7489624023438,3014.5377929687534,0.09
frozen_cnnv2_ppo,stress100to2000,54,0.01017050413504395,0.00682600304696343,0.010675859871346742,0.010044165200968253,1449.6854858398438,4854.2400878906265,0.12
frozen_cnnv2_ppo,stress100to2000,55,0.011987315263705564,0.008447591496006001,0.014642147820459264,0.01132360712451714,667.4443359375,2195.5573974609383,0.11
frozen_cnnv2_ppo,stress100to2000,56,0.01051653274076056,0.0071707714904256925,0.009351806640762617,0.010807714265760049,1283.8995666503906,4660.941162109376,0.13
frozen_cnnv2_ppo,stress100to2000,57,0.01262823836191742,0.009078098470952336,0.014270199374867187,0.012217748108679979,1288.956787109375,2641.1154785156273,0.08
frozen_cnnv2_ppo,stress100to2000,58,0.010665756780420543,0.008776906830325486,0.008295294735468181,0.011258372291658634,798.5697937011719,4438.468701171877,0.16
frozen_cnnv2_ppo,stress100to2000,59,0.010925951749020769,0.007982209123156895,0.009686589123520663,0.011235792405395795,698.587890625,3314.8520263671885,0.13
frozen_cnnv2_ppo,stress100to2000,60,0.010645634012310366,0.0066961794806630025,0.007130840325659052,0.011524332433973194,674.2680969238281,2326.4763916015627,0.16
frozen_cnnv2_ppo,stress100to2000,61,0.010307221872956471,0.007838613748314276,0.011337263198795387,0.010049711541496743,852.4737548828125,3007.5792968750034,0.13
frozen_cnnv2_ppo,stress100to2000,62,0.010011709981372524,0.006717068179500003,0.009138164703853329,0.010230096300752322,1276.0733642578125,5738.789208984376,0.13
frozen_cnnv2_ppo,stress100to2000,63,0.011893046815192574,0.008307858378384995,0.011619155248643617,0.011961519706829814,672.5802307128906,3301.9909912109383,0.12
frozen_cnnv2_ppo,stress100to2000,64,0.009629815837181276,0.006624473621969868,0.008273794810247601,0.009968821093914695,983.8660583496094,2537.561254882815,0.16
frozen_cnnv2_ppo,stress100to2000,65,0.010954179533031428,0.007812430213936933,0.009827026450148567,0.011235967803752142,650.4259643554688,2230.6907714843755,0.13
frozen_cnnv2_ppo,stress100to2000,66,0.009493923199664635,0.006580327412034353,0.008209384457119093,0.009815057885301019,687.6701965332031,5035.439404296875,0.13
frozen_cnnv2_ppo,stress100to2000,67,0.011702494410201712,0.00850226615282892,0.012602133827576223,0.011477584555858077,995.1915283203125,6045.558544921876,0.13
frozen_cnnv2_ppo,stress100to2000,68,0.01050039034388742,0.0076379684040650715,0.008484434255249935,0.01100437936604679,1493.42041015625,4772.952539062505,0.14
frozen_cnnv2_ppo,stress100to2000,69,0.010777948667753617,0.007423506984815018,0.013906697932130858,0.009995761351659301,865.9473571777344,2803.4109375000003,0.14
frozen_cnnv2_ppo,stress100to2000,70,0.009716931158376001,0.007252062883822307,0.013290102519200148,0.008823638318169966,537.4528656005859,3119.4615722656254,0.12
frozen_cnnv2_ppo,stress100to2000,71,0.011846106441716374,0.007711451203916896,0.015722532092659492,0.010877000028980595,517.4591369628906,2861.879272460939,0.08
frozen_cnnv2_ppo,stress100to2000,72,0.010364670767381779,0.007680701088827768,0.012253535194055804,0.009892454660713272,1234.4474182128906,2986.1773681640634,0.12
frozen_cnnv2_ppo,stress100to2000,73,0.00911441073238858,0.006527549076433327,0.007272330043521508,0.009574930904605348,1602.89306640625,5022.540478515625,0.16
frozen_cnnv2_ppo,stress100to2000,74,0.011302974077779016,0.008991113091374778,0.011158733958294895,0.01133903410765004,811.9717102050781,3133.033105468752,0.13
frozen_cnnv2_ppo,stress100to2000,75,0.010202763880997934,0.0076592792631624464,0.009768565822966754,0.01031131339550573,696.9107666015625,3819.8529296875017,0.14
frozen_cnnv2_ppo,stress100to2000,76,0.00984820662777625,0.0077736791346572,0.00686819455806587,0.010593209645203844,1169.2843322753906,2538.277954101564,0.13
frozen_cnnv2_ppo,stress100to2000,77,0.009422166661422378,0.007304394508538882,0.01088776538151303,0.009055766981399715,1120.185546875,5338.055419921875,0.12
frozen_cnnv2_ppo,stress100to2000,78,0.010589609741358781,0.008009708394146858,0.010384041933273497,0.0106410016933801,1236.1378784179688,4815.450781250001,0.12
frozen_cnnv2_ppo,stress100to2000,79,0.01194689613976952,0.008206340309924787,0.01098838441411458,0.012186524071183254,1920.478515625,4596.174072265628,0.12
frozen_cnnv2_ppo,stress100to2000,80,0.009621440924795737,0.0069083141052878015,0.010009792923840088,0.00952435292503465,893.3911743164062,4605.543115234375,0.13
frozen_cnnv2_ppo,stress100to2000,81,0.00953784865329499,0.007632966124253394,0.009543808288223342,0.009536358744562903,1160.6271362304688,4803.669628906252,0.16
frozen_cnnv2_ppo,stress100to2000,82,0.013090905834793611,0.010385358743543665,0.013092163247126209,0.013090591481710462,1039.8323364257812,3650.6951171875003,0.1
frozen_cnnv2_ppo,stress100to2000,83,0.010920074195336037,0.008006147951541892,0.01153994264983322,0.010765107081711741,739.2594299316406,2417.6695068359427,0.1
frozen_cnnv2_ppo,stress100to2000,84,0.010957792667080047,0.008345349965881578,0.009777763139499905,0.011252800048975081,1483.4937133789062,5718.867919921877,0.14
frozen_cnnv2_ppo,stress100to2000,85,0.0106011879363808,0.0067535554884995954,0.009705108651195038,0.01082520775767724,772.3396911621094,3065.2262451171882,0.13
frozen_cnnv2_ppo,stress100to2000,86,0.011280410848479118,0.008439162208816457,0.01039582554724415,0.01150155717378786,570.6830444335938,1854.6696655273452,0.13
frozen_cnnv2_ppo,stress100to2000,87,0.012254950297115905,0.008674883769222541,0.011811083908749858,0.012365916894207418,1178.8973388671875,3276.0769042968777,0.13
frozen_cnnv2_ppo,stress100to2000,88,0.011501301947377175,0.007786278190335812,0.012484964723364987,0.011255386253380219,1003.3495178222656,4487.751220703128,0.11
frozen_cnnv2_ppo,stress100to2000,89,0.011850733190920608,0.008578028685992597,0.011719751952555533,0.011883478500511874,807.6783447265625,3181.1659179687504,0.15
frozen_cnnv2_ppo,stress100to2000,90,0.010189694192843338,0.007417487069495477,0.010935063190610937,0.010003351943401437,1383.3198852539062,3778.5850097656253,0.14
frozen_cnnv2_ppo,stress100to2000,91,0.010282403701698351,0.008148992770047322,0.009109622273667902,0.010575599058705963,1084.4161071777344,4919.771484375003,0.17
frozen_cnnv2_ppo,stress100to2000,92,0.009480298002950995,0.006412475752652061,0.011665277191820768,0.008934053205733553,804.8889770507812,2708.6142578125027,0.11
frozen_cnnv2_ppo,stress100to2000,93,0.010021644748459482,0.007546148126032883,0.012155076581108554,0.009488286790297213,672.5111694335938,2584.0825683593753,0.09
frozen_cnnv2_ppo,stress100to2000,94,0.010284852406687918,0.007467522105304035,0.010921043867281936,0.010125804541539416,1673.891357421875,4662.357617187502,0.11
frozen_cnnv2_ppo,stress100to2000,95,0.010297466898389078,0.007822832568768789,0.010948138031685938,0.010134799115064866,758.9156494140625,4336.441699218751,0.15
frozen_cnnv2_ppo,stress100to2000,96,0.011519228895894962,0.009069200924064671,0.012297515905986045,0.011324657143372191,812.7430114746094,3905.8025634765627,0.11
frozen_cnnv2_ppo,stress100to2000,97,0.009623989942188674,0.006830483416326638,0.0084374124713127,0.009920634309907667,739.3959655761719,3118.920068359377,0.14
frozen_cnnv2_ppo,stress100to2000,98,0.00995564641871528,0.008030163060056671,0.012470720342682599,0.00932687793772345,1072.2753601074219,2945.173193359375,0.11
frozen_cnnv2_ppo,stress100to2000,99,0.010779289905353982,0.008290588209162873,0.009731599038167067,0.011041212622150711,715.92041015625,2642.910595703125,0.16
