policy,condition,time_seconds,azimuth_deg
advanced_greedy,nullburn,68.15,120.0
advanced_greedy,nullburn,109.0,152.0
advanced_greedy,nullburn,209.0,236.0
advanced_greedy,nullburn,222.55,240.0
advanced_greedy,nullburn,281.6,288.0
advanced_greedy,nullburn,367.95000000000005,216.0
advanced_greedy,nullburn,381.50000000000006,208.0
advanced_greedy,nullburn,404.15000000000003,192.0
advanced_greedy,nullburn,426.8,208.0
advanced_greedy,nullburn,485.85,160.0
advanced_greedy,nullburn,581.3000000000001,80.0
advanced_greedy,nullburn,622.1500000000001,112.0
advanced_greedy,nullburn,667.5500000000001,124.0
advanced_greedy,nullburn,690.2,120.0
advanced_greedy,nullburn,699.2,120.0
advanced_greedy,nullburn,708.2,124.0
advanced_greedy,nullburn,717.2,124.0
advanced_greedy,nullburn,726.2,124.0
advanced_greedy,nullburn,735.2,124.0
advanced_greedy,nullburn,744.2,124.0
advanced_greedy,nullburn,753.2,124.0
advanced_greedy,nullburn,762.2,124.0
advanced_greedy,nullburn,771.2,124.0
advanced_greedy,nullburn,780.2,124.0
advanced_greedy,nullburn,789.2,124.0
advanced_greedy,nullburn,798.2,124.0
advanced_greedy,nullburn,807.2,124.0
advanced_greedy,nullburn,816.2,124.0
advanced_greedy,nullburn,825.2,124.0
advanced_greedy,nullburn,834.2,124.0
advanced_greedy,nullburn,843.2,124.0
advanced_greedy,nullburn,852.2,124.0
advanced_greedy,nullburn,861.2,124.0
advanced_greedy,nullburn,870.2,124.0
advanced_greedy,nullburn,879.2,124.0
advanced_greedy,nullburn,888.2,124.0
advanced_greedy,nullburn,897.2,124.0
advanced_greedy,nullburn,906.2,124.0
advanced_greedy,nullburn,915.2,124.0
advanced_greedy,nullburn,924.2,124.0
advanced_greedy,nullburn,933.2,124.0
advanced_greedy,nullburn,942.2,124.0
advanced_greedy,nullburn,951.2,124.0
advanced_greedy,nullburn,960.2,124.0
advanced_greedy,nullburn,969.2,124.0
advanced_greedy,nullburn,978.2,124.0
advanced_greedy,nullburn,987.2,124.0
advanced_greedy,nullburn,996.2,124.0
advanced_greedy,nullburn,1005.2,124.0
advanced_greedy,nullburn,1014.2,124.0
advanced_greedy,nullburn,1023.2,124.0
advanced_greedy,nullburn,1032.2,124.0
advanced_greedy,nullburn,1041.2,124.0
advanced_greedy,nullburn,1050.2,124.0
advanced_greedy,nullburn,1059.2,124.0
advanced_greedy,nullburn,1068.2,124.0
advanced_greedy,nullburn,1077.2,124.0
advanced_greedy,nullburn,1086.2,124.0
advanced_greedy,nullburn,1095.2,124.0
advanced_greedy,nullburn,1104.2,124.0
advanced_greedy,nullburn,1113.2,124.0
advanced_greedy,nullburn,1122.2,124.0
advanced_greedy,nullburn,1131.2,124.0
advanced_greedy,nullburn,1140.2,124.0
advanced_greedy,nullburn,1149.2,124.0
advanced_greedy,nullburn,1158.2,124.0
advanced_greedy,nullburn,1167.2,124.0
advanced_greedy,nullburn,1176.2,124.0
advanced_greedy,nullburn,1185.2,124.0
advanced_greedy,nullburn,1194.2,124.0
advanced_greedy,nullburn,1203.2,124.0
advanced_greedy,nullburn,1212.2,124.0
advanced_greedy,nullburn,1221.2,124.0
advanced_greedy,nullburn,1230.2,124.0
advanced_greedy,nullburn,1239.2,124.0
advanced_greedy,nullburn,1248.2,124.0
advanced_greedy,nullburn,1257.2,124.0
advanced_greedy,nullburn,1266.2,124.0
advanced_greedy,nullburn,1275.2,124.0
advanced_greedy,nullburn,1284.2,124.0
advanced_greedy,nullburn,1293.2,124.0
advanced_greedy,nullburn,1302.2,124.0
advanced_greedy,nullburn,1311.2,124.0
advanced_greedy,nullburn,1320.2,124.0
advanced_greedy,nullburn,1329.2,124.0
advanced_greedy,nullburn,1338.2,124.0
advanced_greedy,nullburn,1347.2,124.0
advanced_greedy,nullburn,1356.2,124.0
advanced_greedy,nullburn,1365.2,124.0
advanced_greedy,nullburn,1374.2,124.0
advanced_greedy,nullburn,1383.2,124.0
advanced_greedy,nullburn,1392.2,124.0
advanced_greedy,nullburn,1401.2,124.0
advanced_greedy,nullburn,1410.2,124.0
advanced_greedy,nullburn,1419.2,124.0
advanced_greedy,nullburn,1428.2,124.0
advanced_greedy,nullburn,1437.2,124.0
advanced_greedy,nullburn,1446.2,124.0
advanced_greedy,nullburn,1455.2,124.0
advanced_greedy,nullburn,1464.2,124.0
advanced_greedy,nullburn,1473.2,124.0
advanced_greedy,nullburn,1482.2,124.0
advanced_greedy,nullburn,1491.2,124.0
advanced_greedy,nullburn,1500.2,124.0
advanced_greedy,nullburn,1509.2,124.0
advanced_greedy,nullburn,1518.2,124.0
advanced_greedy,nullburn,1527.2,124.0
advanced_greedy,nullburn,1536.2,124.0
advanced_greedy,nullburn,1545.2,120.0
advanced_greedy,nullburn,1554.2,120.0
advanced_greedy,nullburn,1563.2,120.0
advanced_greedy,nullburn,1572.2,120.0
advanced_greedy,nullburn,1581.2,120.0
advanced_greedy,nullburn,1590.2,120.0
advanced_greedy,nullburn,1599.2,120.0
advanced_greedy,nullburn,1608.2,120.0
advanced_greedy,nullburn,1617.2,120.0
advanced_greedy,nullburn,1626.2,120.0
advanced_greedy,nullburn,1635.2,120.0
advanced_greedy,nullburn,1644.2,120.0
advanced_greedy,nullburn,1653.2,120.0
advanced_greedy,nullburn,1662.2,120.0
advanced_greedy,nullburn,1671.2,120.0
advanced_greedy,nullburn,1680.2,120.0
advanced_greedy,nullburn,1689.2,120.0
advanced_greedy,nullburn,1698.2,120.0
advanced_greedy,nullburn,1707.2,120.0
advanced_greedy,nullburn,1716.2,120.0
advanced_greedy,nullburn,1725.2,120.0
advanced_greedy,nullburn,1734.2,120.0
advanced_greedy,nullburn,1743.2,120.0
advanced_greedy,nullburn,1752.2,116.0
advanced_greedy,nullburn,1761.2,116.0
advanced_greedy,nullburn,1770.2,116.0
advanced_greedy,nullburn,1779.2,116.0
advanced_greedy,nullburn,1788.2,112.0
advanced_greedy,nullburn,1797.2,112.0
advanced_greedy,nullburn,1806.2,108.0
advanced_greedy,nullburn,1815.2,104.0
advanced_greedy,nullburn,1824.2,100.0
advanced_greedy,nullburn,1906.0,32.0
advanced_greedy,nullburn,1928.65,28.0
advanced_greedy,nullburn,1978.6000000000001,348.0
advanced_greedy,nullburn,1987.6000000000001,348.0
advanced_greedy,nullburn,1996.6000000000001,348.0
advanced_greedy,nullburn,2005.6000000000001,348.0
advanced_greedy,nullburn,2014.6000000000001,348.0
advanced_greedy,nullburn,2023.6000000000001,348.0
advanced_greedy,nullburn,2032.6000000000001,348.0
advanced_greedy,nullburn,2041.6000000000001,348.0
advanced_greedy,nullburn,2050.6000000000004,348.0
advanced_greedy,nullburn,2059.6000000000004,348.0
advanced_greedy,nullburn,2068.6000000000004,348.0
advanced_greedy,nullburn,2077.6000000000004,348.0
advanced_greedy,nullburn,2086.6000000000004,348.0
advanced_greedy,nullburn,2095.6000000000004,348.0
advanced_greedy,nullburn,2104.6000000000004,348.0
advanced_greedy,nullburn,2113.6000000000004,348.0
advanced_greedy,nullburn,2122.6000000000004,348.0
advanced_greedy,nullburn,2131.6000000000004,348.0
advanced_greedy,nullburn,2140.6000000000004,348.0
advanced_greedy,nullburn,2149.6000000000004,348.0
advanced_greedy,nullburn,2158.6000000000004,348.0
advanced_greedy,nullburn,2167.6000000000004,348.0
advanced_greedy,nullburn,2176.6000000000004,348.0
advanced_greedy,nullburn,2185.6000000000004,348.0
advanced_greedy,nullburn,2194.6000000000004,348.0
advanced_greedy,nullburn,2203.6000000000004,348.0
advanced_greedy,nullburn,2212.6000000000004,348.0
advanced_greedy,nullburn,2221.6000000000004,348.0
advanced_greedy,nullburn,2230.6000000000004,348.0
advanced_greedy,nullburn,2239.6000000000004,348.0
advanced_greedy,nullburn,2248.6000000000004,348.0
advanced_greedy,nullburn,2257.6000000000004,348.0
advanced_greedy,nullburn,2266.6000000000004,348.0
advanced_greedy,nullburn,2275.6000000000004,348.0
advanced_greedy,nullburn,2284.6000000000004,348.0
advanced_greedy,nullburn,2293.6000000000004,348.0
advanced_greedy,nullburn,2302.6000000000004,348.0
advanced_greedy,nullburn,2311.6000000000004,348.0
advanced_greedy,nullburn,2320.6000000000004,348.0
advanced_greedy,nullburn,2329.6000000000004,348.0
advanced_greedy,nullburn,2338.6000000000004,348.0
advanced_greedy,nullburn,2347.6000000000004,348.0
advanced_greedy,nullburn,2356.6000000000004,348.0
advanced_greedy,nullburn,2365.6000000000004,348.0
advanced_greedy,nullburn,2374.6000000000004,348.0
advanced_greedy,nullburn,2383.6000000000004,348.0
advanced_greedy,nullburn,2392.6000000000004,352.0
advanced_greedy,nullburn,2401.6000000000004,352.0
advanced_greedy,nullburn,2410.6000000000004,352.0
advanced_greedy,nullburn,2419.6000000000004,352.0
advanced_greedy,nullburn,2428.6000000000004,352.0
advanced_greedy,nullburn,2437.6000000000004,352.0
advanced_greedy,nullburn,2446.6000000000004,352.0
advanced_greedy,nullburn,2455.6000000000004,352.0
advanced_greedy,nullburn,2464.6000000000004,352.0
advanced_greedy,nullburn,2473.6000000000004,352.0
advanced_greedy,nullburn,2482.6000000000004,352.0
advanced_greedy,nullburn,2491.6000000000004,352.0
advanced_greedy,nullburn,2500.6000000000004,352.0
advanced_greedy,nullburn,2509.6000000000004,352.0
advanced_greedy,nullburn,2518.6000000000004,352.0
advanced_greedy,nullburn,2527.6000000000004,352.0
advanced_greedy,nullburn,2536.6000000000004,352.0
advanced_greedy,nullburn,2545.6000000000004,352.0
advanced_greedy,nullburn,2554.6000000000004,352.0
advanced_greedy,nullburn,2563.6000000000004,352.0
advanced_greedy,nullburn,2572.6000000000004,352.0
advanced_greedy,nullburn,2581.6000000000004,352.0
advanced_greedy,nullburn,2590.6000000000004,352.0
advanced_greedy,nullburn,2599.6000000000004,352.0
advanced_greedy,nullburn,2608.6000000000004,352.0
advanced_greedy,nullburn,2617.6000000000004,352.0
advanced_greedy,nullburn,2626.6000000000004,352.0
advanced_greedy,nullburn,2635.6000000000004,352.0
advanced_greedy,nullburn,2644.6000000000004,352.0
advanced_greedy,nullburn,2653.6000000000004,352.0
advanced_greedy,nullburn,2662.6000000000004,352.0
advanced_greedy,nullburn,2671.6000000000004,352.0
advanced_greedy,nullburn,2680.6000000000004,352.0
advanced_greedy,nullburn,2689.6000000000004,352.0
advanced_greedy,nullburn,2698.6000000000004,352.0
advanced_greedy,nullburn,2707.6000000000004,352.0
advanced_greedy,nullburn,2716.6000000000004,352.0
advanced_greedy,nullburn,2725.6000000000004,352.0
advanced_greedy,nullburn,2734.6000000000004,352.0
advanced_greedy,nullburn,2743.6000000000004,352.0
advanced_greedy,nullburn,2752.6000000000004,352.0
advanced_greedy,nullburn,2761.6000000000004,352.0
advanced_greedy,nullburn,2770.6000000000004,352.0
advanced_greedy,nullburn,2779.6000000000004,352.0
advanced_greedy,nullburn,2788.6000000000004,352.0
advanced_greedy,nullburn,2797.6000000000004,352.0
advanced_greedy,nullburn,2806.6000000000004,352.0
advanced_greedy,nullburn,2815.6000000000004,352.0
advanced_greedy,nullburn,2824.6000000000004,352.0
advanced_greedy,nullburn,2833.6000000000004,352.0
advanced_greedy,nullburn,2842.6000000000004,352.0
advanced_greedy,nullburn,2851.6000000000004,352.0
advanced_greedy,nullburn,2860.6000000000004,352.0
advanced_greedy,nullburn,2869.6000000000004,352.0
advanced_greedy,nullburn,2878.6000000000004,352.0
advanced_greedy,nullburn,2887.6000000000004,352.0
advanced_greedy,nullburn,2896.6000000000004,352.0
advanced_greedy,nullburn,2905.6000000000004,352.0
advanced_greedy,nullburn,2914.6000000000004,352.0
advanced_greedy,nullburn,2923.6000000000004,352.0
advanced_greedy,nullburn,2932.6000000000004,352.0
advanced_greedy,nullburn,2941.6000000000004,356.0
advanced_greedy,nullburn,2950.6000000000004,356.0
advanced_greedy,nullburn,2959.6000000000004,356.0
advanced_greedy,nullburn,2968.6000000000004,356.0
advanced_greedy,nullburn,2977.6000000000004,356.0
advanced_greedy,nullburn,2986.6000000000004,356.0
advanced_greedy,nullburn,2995.6000000000004,356.0
advanced_greedy,nullburn,3004.6000000000004,356.0
advanced_greedy,nullburn,3013.6000000000004,356.0
advanced_greedy,nullburn,3022.6000000000004,356.0
advanced_greedy,nullburn,3031.6000000000004,356.0
advanced_greedy,nullburn,3040.6000000000004,356.0
advanced_greedy,nullburn,3049.6000000000004,356.0
advanced_greedy,nullburn,3058.6000000000004,356.0
advanced_greedy,nullburn,3067.6000000000004,356.0
advanced_greedy,nullburn,3076.6000000000004,356.0
advanced_greedy,nullburn,3085.6000000000004,356.0
advanced_greedy,nullburn,3094.6000000000004,356.0
advanced_greedy,nullburn,3126.3500000000004,332.0
advanced_greedy,nullburn,3280.9500000000003,200.0
advanced_greedy,nullburn,3321.8,232.0
advanced_greedy,nullburn,3330.8,232.0
advanced_greedy,nullburn,3339.8,232.0
advanced_greedy,nullburn,3348.8,232.0
advanced_greedy,nullburn,3357.8,232.0
advanced_greedy,nullburn,3366.8,232.0
advanced_greedy,nullburn,3375.8,232.0
advanced_greedy,nullburn,3384.8,232.0
advanced_greedy,nullburn,3393.8,232.0
advanced_greedy,nullburn,3402.8,232.0
advanced_greedy,nullburn,3411.8,232.0
advanced_greedy,nullburn,3420.8,232.0
advanced_greedy,nullburn,3429.8,232.0
advanced_greedy,nullburn,3438.8,232.0
advanced_greedy,nullburn,3447.8,232.0
advanced_greedy,nullburn,3456.8,232.0
advanced_greedy,nullburn,3465.8,232.0
advanced_greedy,nullburn,3488.4500000000003,216.0
advanced_greedy,nullburn,3497.4500000000003,216.0
advanced_greedy,nullburn,3506.4500000000003,216.0
advanced_greedy,nullburn,3515.4500000000003,216.0
advanced_greedy,nullburn,3524.4500000000003,216.0
advanced_greedy,nullburn,3533.4500000000003,216.0
advanced_greedy,nullburn,3542.4500000000003,216.0
advanced_greedy,nullburn,3551.4500000000003,216.0
advanced_greedy,nullburn,3560.4500000000003,216.0
advanced_greedy,nullburn,3569.4500000000003,216.0
advanced_greedy,nullburn,3578.4500000000003,216.0
advanced_greedy,nullburn,3587.4500000000003,216.0
advanced_greedy,nullburn,3596.4500000000003,216.0
advanced_greedy,nullburn,3605.4500000000003,216.0
advanced_greedy,nullburn,3614.4500000000003,216.0
advanced_greedy,nullburn,3623.4500000000003,216.0
advanced_greedy,nullburn,3632.4500000000003,216.0
advanced_greedy,nullburn,3641.4500000000003,216.0
advanced_greedy,nullburn,3650.4500000000003,216.0
advanced_greedy,nullburn,3659.4500000000003,216.0
advanced_greedy,nullburn,3668.4500000000003,216.0
advanced_greedy,nullburn,3677.4500000000003,216.0
advanced_greedy,nullburn,3686.4500000000003,216.0
advanced_greedy,nullburn,3695.4500000000003,216.0
advanced_greedy,nullburn,3704.4500000000003,216.0
advanced_greedy,nullburn,3713.4500000000003,216.0
advanced_greedy,nullburn,3722.4500000000003,216.0
advanced_greedy,nullburn,3731.4500000000003,216.0
advanced_greedy,nullburn,3740.4500000000003,216.0
advanced_greedy,nullburn,3749.4500000000003,216.0
advanced_greedy,nullburn,3758.4500000000003,216.0
advanced_greedy,nullburn,3767.4500000000003,216.0
advanced_greedy,nullburn,3776.4500000000003,216.0
advanced_greedy,nullburn,3785.4500000000003,216.0
advanced_greedy,nullburn,3794.4500000000003,216.0
advanced_greedy,nullburn,3803.4500000000003,216.0
advanced_greedy,nullburn,3812.4500000000003,216.0
advanced_greedy,nullburn,3821.4500000000003,216.0
advanced_greedy,nullburn,3830.4500000000003,216.0
advanced_greedy,nullburn,3839.4500000000003,216.0
advanced_greedy,nullburn,3848.4500000000003,216.0
advanced_greedy,nullburn,3857.4500000000003,216.0
advanced_greedy,nullburn,3866.4500000000003,216.0
advanced_greedy,nullburn,3875.4500000000003,216.0
advanced_greedy,nullburn,3884.4500000000003,216.0
advanced_greedy,nullburn,3893.4500000000003,216.0
advanced_greedy,nullburn,3902.4500000000003,216.0
advanced_greedy,nullburn,3911.4500000000003,216.0
advanced_greedy,nullburn,3920.4500000000003,216.0
advanced_greedy,nullburn,3929.4500000000003,216.0
advanced_greedy,nullburn,3970.3,184.0
advanced_greedy,nullburn,4074.8500000000004,272.0
advanced_greedy,nullburn,4083.8500000000004,272.0
advanced_greedy,nullburn,4092.8500000000004,272.0
advanced_greedy,nullburn,4115.5,284.0
advanced_greedy,nullburn,4124.5,284.0
advanced_greedy,nullburn,4133.5,284.0
advanced_greedy,nullburn,4142.5,284.0
advanced_greedy,nullburn,4151.5,284.0
advanced_greedy,nullburn,4160.5,284.0
advanced_greedy,nullburn,4169.5,284.0
advanced_greedy,nullburn,4178.5,284.0
advanced_greedy,nullburn,4187.5,284.0
advanced_greedy,nullburn,4196.5,284.0
advanced_greedy,nullburn,4205.5,284.0
advanced_greedy,nullburn,4214.5,284.0
advanced_greedy,nullburn,4223.5,284.0
advanced_greedy,nullburn,4232.5,284.0
advanced_greedy,nullburn,4241.5,284.0
advanced_greedy,nullburn,4250.5,284.0
advanced_greedy,nullburn,4259.5,284.0
advanced_greedy,nullburn,4268.5,284.0
advanced_greedy,nullburn,4277.5,284.0
advanced_greedy,nullburn,4286.5,284.0
advanced_greedy,nullburn,4295.5,284.0
advanced_greedy,nullburn,4304.5,284.0
advanced_greedy,nullburn,4313.5,284.0
advanced_greedy,nullburn,4322.5,284.0
advanced_greedy,nullburn,4331.5,284.0
advanced_greedy,nullburn,4340.5,284.0
advanced_greedy,nullburn,4349.5,284.0
advanced_greedy,nullburn,4358.5,284.0
advanced_greedy,nullburn,4367.5,284.0
advanced_greedy,nullburn,4376.5,284.0
advanced_greedy,nullburn,4385.5,284.0
advanced_greedy,nullburn,4394.5,284.0
advanced_greedy,nullburn,4403.5,284.0
advanced_greedy,nullburn,4412.5,284.0
advanced_greedy,nullburn,4421.5,284.0
advanced_greedy,nullburn,4430.5,284.0
advanced_greedy,nullburn,4439.5,284.0
advanced_greedy,nullburn,4448.5,280.0
advanced_greedy,nullburn,4457.5,280.0
advanced_greedy,nullburn,4466.5,280.0
advanced_greedy,nullburn,4475.5,280.0
advanced_greedy,nullburn,4484.5,280.0
advanced_greedy,nullburn,4493.5,280.0
advanced_greedy,nullburn,4502.5,280.0
advanced_greedy,nullburn,4511.5,280.0
advanced_greedy,nullburn,4520.5,280.0
advanced_greedy,nullburn,4529.5,280.0
advanced_greedy,nullburn,4538.5,280.0
advanced_greedy,nullburn,4547.5,280.0
advanced_greedy,nullburn,4556.5,280.0
advanced_greedy,nullburn,4565.5,280.0
advanced_greedy,nullburn,4574.5,280.0
advanced_greedy,nullburn,4583.5,280.0
advanced_greedy,nullburn,4592.5,280.0
advanced_greedy,nullburn,4601.5,280.0
advanced_greedy,nullburn,4610.5,280.0
advanced_greedy,nullburn,4619.5,280.0
advanced_greedy,nullburn,4628.5,280.0
advanced_greedy,nullburn,4637.5,280.0
advanced_greedy,nullburn,4646.5,280.0
advanced_greedy,nullburn,4655.5,280.0
advanced_greedy,nullburn,4664.5,280.0
advanced_greedy,nullburn,4673.5,280.0
advanced_greedy,nullburn,4682.5,280.0
advanced_greedy,nullburn,4691.5,280.0
advanced_greedy,nullburn,4700.5,280.0
advanced_greedy,nullburn,4709.5,280.0
advanced_greedy,nullburn,4718.5,280.0
advanced_greedy,nullburn,4727.5,280.0
advanced_greedy,nullburn,4736.5,280.0
advanced_greedy,nullburn,4745.5,280.0
advanced_greedy,nullburn,4754.5,280.0
advanced_greedy,nullburn,4763.5,280.0
advanced_greedy,nullburn,4772.5,280.0
advanced_greedy,nullburn,4781.5,280.0
advanced_greedy,nullburn,4790.5,280.0
advanced_greedy,nullburn,4799.5,280.0
advanced_greedy,nullburn,4808.5,280.0
advanced_greedy,nullburn,4817.5,280.0
advanced_greedy,nullburn,4826.5,280.0
advanced_greedy,nullburn,4835.5,280.0
advanced_greedy,nullburn,4844.5,280.0
advanced_greedy,nullburn,4853.5,280.0
advanced_greedy,nullburn,4862.5,280.0
advanced_greedy,nullburn,4871.5,280.0
advanced_greedy,nullburn,4880.5,280.0
advanced_greedy,nullburn,4889.5,280.0
advanced_greedy,nullburn,4898.5,280.0
advanced_greedy,nullburn,4907.5,280.0
advanced_greedy,nullburn,4916.5,280.0
advanced_greedy,nullburn,4925.5,280.0
advanced_greedy,nullburn,4934.5,280.0
advanced_greedy,nullburn,4943.5,280.0
advanced_greedy,nullburn,4952.5,280.0
advanced_greedy,nullburn,4961.5,280.0
advanced_greedy,nullburn,4970.5,280.0
advanced_greedy,nullburn,4979.5,280.0
advanced_greedy,nullburn,4988.5,280.0
advanced_greedy,nullburn,4997.5,280.0
advanced_greedy,nullburn,5006.5,280.0
advanced_greedy,nullburn,5015.5,280.0
advanced_greedy,nullburn,5024.5,280.0
advanced_greedy,nullburn,5033.5,280.0
advanced_greedy,nullburn,5042.5,280.0
advanced_greedy,nullburn,5051.5,280.0
advanced_greedy,nullburn,5060.5,280.0
advanced_greedy,nullburn,5069.5,276.0
advanced_greedy,nullburn,5078.5,276.0
advanced_greedy,nullburn,5087.5,276.0
advanced_greedy,nullburn,5096.5,276.0
advanced_greedy,nullburn,5105.5,276.0
advanced_greedy,nullburn,5114.5,276.0
advanced_greedy,nullburn,5123.5,276.0
advanced_greedy,nullburn,5132.5,276.0
advanced_greedy,nullburn,5141.5,276.0
advanced_greedy,nullburn,5150.5,276.0
advanced_greedy,nullburn,5159.5,276.0
advanced_greedy,nullburn,5168.5,276.0
advanced_greedy,nullburn,5177.5,276.0
advanced_greedy,nullburn,5186.5,276.0
advanced_greedy,nullburn,5195.5,276.0
advanced_greedy,nullburn,5204.5,276.0
advanced_greedy,nullburn,5213.5,276.0
advanced_greedy,nullburn,5222.5,276.0
advanced_greedy,nullburn,5231.5,276.0
advanced_greedy,nullburn,5240.5,276.0
advanced_greedy,nullburn,5249.5,276.0
advanced_greedy,nullburn,5258.5,276.0
advanced_greedy,nullburn,5267.5,276.0
advanced_greedy,nullburn,5276.5,276.0
advanced_greedy,nullburn,5285.5,276.0
advanced_greedy,nullburn,5294.5,276.0
advanced_greedy,nullburn,5303.5,276.0
advanced_greedy,nullburn,5312.5,276.0
advanced_greedy,nullburn,5321.5,276.0
advanced_greedy,nullburn,5330.5,276.0
advanced_greedy,nullburn,5339.5,276.0
advanced_greedy,nullburn,5348.5,276.0
advanced_greedy,nullburn,5357.5,276.0
advanced_greedy,nullburn,5366.5,276.0
advanced_greedy,nullburn,5375.5,276.0
advanced_greedy,nullburn,5384.5,276.0
advanced_greedy,nullburn,5393.5,276.0
advanced_greedy,nullburn,5402.5,276.0
advanced_greedy,random,68.15,120.0
advanced_greedy,random,109.0,152.0
advanced_greedy,random,209.0,236.0
advanced_greedy,random,222.55,240.0
advanced_greedy,random,281.6,288.0
advanced_greedy,random,367.95000000000005,216.0
advanced_greedy,random,381.50000000000006,208.0
advanced_greedy,random,404.15000000000003,192.0
advanced_greedy,random,426.8,208.0
advanced_greedy,random,485.85,160.0
advanced_greedy,random,581.3000000000001,80.0
advanced_greedy,random,622.1500000000001,112.0
advanced_greedy,random,667.5500000000001,124.0
advanced_greedy,random,690.2,120.0
advanced_greedy,random,699.2,120.0
advanced_greedy,random,708.2,124.0
advanced_greedy,random,717.2,124.0
advanced_greedy,random,726.2,124.0
advanced_greedy,random,735.2,124.0
advanced_greedy,random,744.2,124.0
advanced_greedy,random,753.2,124.0
advanced_greedy,random,762.2,124.0
advanced_greedy,random,771.2,124.0
advanced_greedy,random,780.2,124.0
advanced_greedy,random,789.2,124.0
advanced_greedy,random,798.2,124.0
advanced_greedy,random,807.2,124.0
advanced_greedy,random,816.2,124.0
advanced_greedy,random,825.2,124.0
advanced_greedy,random,834.2,124.0
advanced_greedy,random,843.2,124.0
advanced_greedy,random,852.2,124.0
advanced_greedy,random,861.2,124.0
advanced_greedy,random,870.2,124.0
advanced_greedy,random,879.2,124.0
advanced_greedy,random,888.2,124.0
advanced_greedy,random,897.2,124.0
advanced_greedy,random,906.2,124.0
advanced_greedy,random,915.2,124.0
advanced_greedy,random,924.2,124.0
advanced_greedy,random,933.2,124.0
advanced_greedy,random,942.2,124.0
advanced_greedy,random,951.2,124.0
advanced_greedy,random,960.2,124.0
advanced_greedy,random,969.2,124.0
advanced_greedy,random,978.2,124.0
advanced_greedy,random,987.2,124.0
advanced_greedy,random,996.2,124.0
advanced_greedy,random,1005.2,124.0
advanced_greedy,random,1014.2,124.0
advanced_greedy,random,1023.2,124.0
advanced_greedy,random,1032.2,124.0
advanced_greedy,random,1041.2,124.0
advanced_greedy,random,1050.2,124.0
advanced_greedy,random,1059.2,124.0
advanced_greedy,random,1068.2,124.0
advanced_greedy,random,1077.2,124.0
advanced_greedy,random,1086.2,124.0
advanced_greedy,random,1095.2,124.0
advanced_greedy,random,1104.2,124.0
advanced_greedy,random,1113.2,124.0
advanced_greedy,random,1122.2,124.0
advanced_greedy,random,1131.2,124.0
advanced_greedy,random,1140.2,124.0
advanced_greedy,random,1149.2,124.0
advanced_greedy,random,1158.2,124.0
advanced_greedy,random,1167.2,124.0
advanced_greedy,random,1176.2,124.0
advanced_greedy,random,1185.2,124.0
advanced_greedy,random,1194.2,124.0
advanced_greedy,random,1203.2,124.0
advanced_greedy,random,1212.2,124.0
advanced_greedy,random,1221.2,124.0
advanced_greedy,random,1230.2,124.0
advanced_greedy,random,1239.2,124.0
advanced_greedy,random,1248.2,124.0
advanced_greedy,random,1257.2,124.0
advanced_greedy,random,1266.2,124.0
advanced_greedy,random,1275.2,124.0
advanced_greedy,random,1284.2,124.0
advanced_greedy,random,1293.2,124.0
advanced_greedy,random,1302.2,124.0
advanced_greedy,random,1311.2,124.0
advanced_greedy,random,1320.2,124.0
advanced_greedy,random,1329.2,124.0
advanced_greedy,random,1338.2,124.0
advanced_greedy,random,1347.2,124.0
advanced_greedy,random,1356.2,124.0
advanced_greedy,random,1365.2,124.0
advanced_greedy,random,1374.2,124.0
advanced_greedy,random,1383.2,124.0
advanced_greedy,random,1392.2,124.0
advanced_greedy,random,1401.2,124.0
advanced_greedy,random,1410.2,124.0
advanced_greedy,random,1419.2,124.0
advanced_greedy,random,1428.2,124.0
advanced_greedy,random,1437.2,124.0
advanced_greedy,random,1446.2,124.0
advanced_greedy,random,1455.2,124.0
advanced_greedy,random,1464.2,124.0
advanced_greedy,random,1473.2,124.0
advanced_greedy,random,1482.2,124.0
advanced_greedy,random,1491.2,124.0
advanced_greedy,random,1500.2,124.0
advanced_greedy,random,1509.2,124.0
advanced_greedy,random,1518.2,124.0
advanced_greedy,random,1527.2,124.0
advanced_greedy,random,1536.2,124.0
advanced_greedy,random,1545.2,120.0
advanced_greedy,random,1554.2,120.0
advanced_greedy,random,1563.2,120.0
advanced_greedy,random,1572.2,120.0
advanced_greedy,random,1581.2,120.0
advanced_greedy,random,1590.2,120.0
advanced_greedy,random,1599.2,120.0
advanced_greedy,random,1608.2,120.0
advanced_greedy,random,1617.2,120.0
advanced_greedy,random,1626.2,120.0
advanced_greedy,random,1635.2,120.0
advanced_greedy,random,1644.2,120.0
advanced_greedy,random,1653.2,120.0
advanced_greedy,random,1662.2,120.0
advanced_greedy,random,1671.2,120.0
advanced_greedy,random,1680.2,120.0
advanced_greedy,random,1689.2,120.0
advanced_greedy,random,1698.2,120.0
advanced_greedy,random,1707.2,120.0
advanced_greedy,random,1716.2,120.0
advanced_greedy,random,1725.2,120.0
advanced_greedy,random,1734.2,120.0
advanced_greedy,random,1743.2,120.0
advanced_greedy,random,1752.2,116.0
advanced_greedy,random,1761.2,116.0
advanced_greedy,random,1770.2,116.0
advanced_greedy,random,1779.2,116.0
advanced_greedy,random,1788.2,112.0
advanced_greedy,random,1797.2,112.0
advanced_greedy,random,1806.2,108.0
advanced_greedy,random,1815.2,104.0
advanced_greedy,random,1824.2,100.0
advanced_greedy,random,1906.0,32.0
advanced_greedy,random,1928.65,28.0
advanced_greedy,random,1978.6000000000001,348.0
advanced_greedy,random,1987.6000000000001,348.0
advanced_greedy,random,1996.6000000000001,348.0
advanced_greedy,random,2005.6000000000001,348.0
advanced_greedy,random,2014.6000000000001,348.0
advanced_greedy,random,2023.6000000000001,348.0
advanced_greedy,random,2032.6000000000001,348.0
advanced_greedy,random,2041.6000000000001,348.0
advanced_greedy,random,2050.6000000000004,348.0
advanced_greedy,random,2059.6000000000004,348.0
advanced_greedy,random,2068.6000000000004,348.0
advanced_greedy,random,2077.6000000000004,348.0
advanced_greedy,random,2086.6000000000004,348.0
advanced_greedy,random,2095.6000000000004,348.0
advanced_greedy,random,2104.6000000000004,348.0
advanced_greedy,random,2113.6000000000004,348.0
advanced_greedy,random,2122.6000000000004,348.0
advanced_greedy,random,2131.6000000000004,348.0
advanced_greedy,random,2140.6000000000004,348.0
advanced_greedy,random,2149.6000000000004,348.0
advanced_greedy,random,2158.6000000000004,348.0
advanced_greedy,random,2167.6000000000004,348.0
advanced_greedy,random,2176.6000000000004,348.0
advanced_greedy,random,2185.6000000000004,348.0
advanced_greedy,random,2194.6000000000004,348.0
advanced_greedy,random,2203.6000000000004,348.0
advanced_greedy,random,2212.6000000000004,348.0
advanced_greedy,random,2221.6000000000004,348.0
advanced_greedy,random,2230.6000000000004,348.0
advanced_greedy,random,2239.6000000000004,348.0
advanced_greedy,random,2248.6000000000004,348.0
advanced_greedy,random,2257.6000000000004,348.0
advanced_greedy,random,2266.6000000000004,348.0
advanced_greedy,random,2275.6000000000004,348.0
advanced_greedy,random,2284.6000000000004,348.0
advanced_greedy,random,2293.6000000000004,348.0
advanced_greedy,random,2302.6000000000004,348.0
advanced_greedy,random,2311.6000000000004,348.0
advanced_greedy,random,2320.6000000000004,348.0
advanced_greedy,random,2329.6000000000004,348.0
advanced_greedy,random,2338.6000000000004,348.0
advanced_greedy,random,2347.6000000000004,348.0
advanced_greedy,random,2356.6000000000004,348.0
advanced_greedy,random,2365.6000000000004,348.0
advanced_greedy,random,2374.6000000000004,348.0
advanced_greedy,random,2383.6000000000004,348.0
advanced_greedy,random,2392.6000000000004,352.0
advanced_greedy,random,2401.6000000000004,352.0
advanced_greedy,random,2410.6000000000004,352.0
advanced_greedy,random,2419.6000000000004,352.0
advanced_greedy,random,2428.6000000000004,352.0
advanced_greedy,random,2437.6000000000004,352.0
advanced_greedy,random,2446.6000000000004,352.0
advanced_greedy,random,2455.6000000000004,352.0
advanced_greedy,random,2464.6000000000004,352.0
advanced_greedy,random,2473.6000000000004,352.0
advanced_greedy,random,2482.6000000000004,352.0
advanced_greedy,random,2491.6000000000004,352.0
advanced_greedy,random,2500.6000000000004,352.0
advanced_greedy,random,2509.6000000000004,352.0
advanced_greedy,random,2518.6000000000004,352.0
advanced_greedy,random,2527.6000000000004,352.0
advanced_greedy,random,2536.6000000000004,352.0
advanced_greedy,random,2545.6000000000004,352.0
advanced_greedy,random,2554.6000000000004,352.0
advanced_greedy,random,2563.6000000000004,352.0
advanced_greedy,random,2572.6000000000004,352.0
advanced_greedy,random,2581.6000000000004,352.0
advanced_greedy,random,2590.6000000000004,352.0
advanced_greedy,random,2599.6000000000004,352.0
advanced_greedy,random,2608.6000000000004,352.0
advanced_greedy,random,2617.6000000000004,352.0
advanced_greedy,random,2626.6000000000004,352.0
advanced_greedy,random,2635.6000000000004,352.0
advanced_greedy,random,2644.6000000000004,352.0
advanced_greedy,random,2653.6000000000004,352.0
advanced_greedy,random,2662.6000000000004,352.0
advanced_greedy,random,2671.6000000000004,352.0
advanced_greedy,random,2680.6000000000004,352.0
advanced_greedy,random,2689.6000000000004,352.0
advanced_greedy,random,2698.6000000000004,352.0
advanced_greedy,random,2707.6000000000004,352.0
advanced_greedy,random,2716.6000000000004,352.0
advanced_greedy,random,2725.6000000000004,352.0
advanced_greedy,random,2734.6000000000004,352.0
advanced_greedy,random,2743.6000000000004,352.0
advanced_greedy,random,2752.6000000000004,352.0
advanced_greedy,random,2761.6000000000004,352.0
advanced_greedy,random,2770.6000000000004,352.0
advanced_greedy,random,2779.6000000000004,352.0
advanced_greedy,random,2788.6000000000004,352.0
advanced_greedy,random,2797.6000000000004,352.0
advanced_greedy,random,2806.6000000000004,352.0
advanced_greedy,random,2815.6000000000004,352.0
advanced_greedy,random,2824.6000000000004,352.0
advanced_greedy,random,2833.6000000000004,352.0
advanced_greedy,random,2842.6000000000004,352.0
advanced_greedy,random,2851.6000000000004,352.0
advanced_greedy,random,2860.6000000000004,352.0
advanced_greedy,random,2869.6000000000004,352.0
advanced_greedy,random,2878.6000000000004,352.0
advanced_greedy,random,2887.6000000000004,352.0
advanced_greedy,random,2896.6000000000004,352.0
advanced_greedy,random,2905.6000000000004,352.0
advanced_greedy,random,2914.6000000000004,352.0
advanced_greedy,random,2923.6000000000004,352.0
advanced_greedy,random,2932.6000000000004,352.0
advanced_greedy,random,2941.6000000000004,356.0
advanced_greedy,random,2950.6000000000004,356.0
advanced_greedy,random,2959.6000000000004,356.0
advanced_greedy,random,2968.6000000000004,356.0
advanced_greedy,random,2977.6000000000004,356.0
advanced_greedy,random,2986.6000000000004,356.0
advanced_greedy,random,2995.6000000000004,356.0
advanced_greedy,random,3004.6000000000004,356.0
advanced_greedy,random,3013.6000000000004,356.0
advanced_greedy,random,3022.6000000000004,356.0
advanced_greedy,random,3031.6000000000004,356.0
advanced_greedy,random,3040.6000000000004,356.0
advanced_greedy,random,3049.6000000000004,356.0
advanced_greedy,random,3058.6000000000004,356.0
advanced_greedy,random,3067.6000000000004,356.0
advanced_greedy,random,3076.6000000000004,356.0
advanced_greedy,random,3085.6000000000004,356.0
advanced_greedy,random,3094.6000000000004,356.0
advanced_greedy,random,3126.3500000000004,332.0
advanced_greedy,random,3280.9500000000003,200.0
advanced_greedy,random,3321.8,232.0
advanced_greedy,random,3330.8,232.0
advanced_greedy,random,3339.8,232.0
advanced_greedy,random,3348.8,232.0
advanced_greedy,random,3357.8,232.0
advanced_greedy,random,3366.8,232.0
advanced_greedy,random,3375.8,232.0
advanced_greedy,random,3384.8,232.0
advanced_greedy,random,3393.8,232.0
advanced_greedy,random,3402.8,232.0
advanced_greedy,random,3411.8,232.0
advanced_greedy,random,3420.8,232.0
advanced_greedy,random,3429.8,232.0
advanced_greedy,random,3438.8,232.0
advanced_greedy,random,3447.8,232.0
advanced_greedy,random,3456.8,232.0
advanced_greedy,random,3465.8,232.0
advanced_greedy,random,3488.4500000000003,216.0
advanced_greedy,random,3497.4500000000003,216.0
advanced_greedy,random,3506.4500000000003,216.0
advanced_greedy,random,3515.4500000000003,216.0
advanced_greedy,random,3524.4500000000003,216.0
advanced_greedy,random,3533.4500000000003,216.0
advanced_greedy,random,3542.4500000000003,216.0
advanced_greedy,random,3551.4500000000003,216.0
advanced_greedy,random,3560.4500000000003,216.0
advanced_greedy,random,3569.4500000000003,216.0
advanced_greedy,random,3578.4500000000003,216.0
advanced_greedy,random,3587.4500000000003,216.0
advanced_greedy,random,3596.4500000000003,216.0
advanced_greedy,random,3605.4500000000003,216.0
advanced_greedy,random,3614.4500000000003,216.0
advanced_greedy,random,3623.4500000000003,216.0
advanced_greedy,random,3632.4500000000003,216.0
advanced_greedy,random,3641.4500000000003,216.0
advanced_greedy,random,3650.4500000000003,216.0
advanced_greedy,random,3659.4500000000003,216.0
advanced_greedy,random,3668.4500000000003,216.0
advanced_greedy,random,3677.4500000000003,216.0
advanced_greedy,random,3686.4500000000003,216.0
advanced_greedy,random,3695.4500000000003,216.0
advanced_greedy,random,3704.4500000000003,216.0
advanced_greedy,random,3713.4500000000003,216.0
advanced_greedy,random,3722.4500000000003,216.0
advanced_greedy,random,3731.4500000000003,216.0
advanced_greedy,random,3740.4500000000003,216.0
advanced_greedy,random,3749.4500000000003,216.0
advanced_greedy,random,3758.4500000000003,216.0
advanced_greedy,random,3767.4500000000003,216.0
advanced_greedy,random,3776.4500000000003,216.0
advanced_greedy,random,3785.4500000000003,216.0
advanced_greedy,random,3794.4500000000003,216.0
advanced_greedy,random,3803.4500000000003,216.0
advanced_greedy,random,3812.4500000000003,216.0
advanced_greedy,random,3821.4500000000003,216.0
advanced_greedy,random,3830.4500000000003,216.0
advanced_greedy,random,3839.4500000000003,216.0
advanced_greedy,random,3848.4500000000003,216.0
advanced_greedy,random,3857.4500000000003,216.0
advanced_greedy,random,3866.4500000000003,216.0
advanced_greedy,random,3875.4500000000003,216.0
advanced_greedy,random,3884.4500000000003,216.0
advanced_greedy,random,3893.4500000000003,216.0
advanced_greedy,random,3902.4500000000003,216.0
advanced_greedy,random,3911.4500000000003,216.0
advanced_greedy,random,3920.4500000000003,216.0
advanced_greedy,random,3929.4500000000003,216.0
advanced_greedy,random,3970.3,184.0
advanced_greedy,random,4074.8500000000004,272.0
advanced_greedy,random,4083.8500000000004,272.0
advanced_greedy,random,4092.8500000000004,272.0
advanced_greedy,random,4115.5,284.0
advanced_greedy,random,4124.5,284.0
advanced_greedy,random,4133.5,284.0
advanced_greedy,random,4142.5,284.0
advanced_greedy,random,4151.5,284.0
advanced_greedy,random,4160.5,284.0
advanced_greedy,random,4169.5,284.0
advanced_greedy,random,4178.5,284.0
advanced_greedy,random,4187.5,284.0
advanced_greedy,random,4196.5,284.0
advanced_greedy,random,4205.5,284.0
advanced_greedy,random,4214.5,284.0
advanced_greedy,random,4223.5,284.0
advanced_greedy,random,4232.5,284.0
advanced_greedy,random,4241.5,284.0
advanced_greedy,random,4250.5,284.0
advanced_greedy,random,4259.5,284.0
advanced_greedy,random,4268.5,284.0
advanced_greedy,random,4277.5,284.0
advanced_greedy,random,4286.5,284.0
advanced_greedy,random,4295.5,284.0
advanced_greedy,random,4304.5,284.0
advanced_greedy,random,4313.5,284.0
advanced_greedy,random,4322.5,284.0
advanced_greedy,random,4331.5,284.0
advanced_greedy,random,4340.5,284.0
advanced_greedy,random,4349.5,284.0
advanced_greedy,random,4358.5,284.0
advanced_greedy,random,4367.5,284.0
advanced_greedy,random,4376.5,284.0
advanced_greedy,random,4385.5,284.0
advanced_greedy,random,4394.5,284.0
advanced_greedy,random,4403.5,284.0
advanced_greedy,random,4412.5,284.0
advanced_greedy,random,4421.5,284.0
advanced_greedy,random,4430.5,284.0
advanced_greedy,random,4439.5,284.0
advanced_greedy,random,4448.5,280.0
advanced_greedy,random,4457.5,280.0
advanced_greedy,random,4466.5,280.0
advanced_greedy,random,4475.5,280.0
advanced_greedy,random,4484.5,280.0
advanced_greedy,random,4493.5,280.0
advanced_greedy,random,4502.5,280.0
advanced_greedy,random,4511.5,280.0
advanced_greedy,random,4520.5,280.0
advanced_greedy,random,4529.5,280.0
advanced_greedy,random,4538.5,280.0
advanced_greedy,random,4547.5,280.0
advanced_greedy,random,4556.5,280.0
advanced_greedy,random,4565.5,280.0
advanced_greedy,random,4574.5,280.0
advanced_greedy,random,4583.5,280.0
advanced_greedy,random,4592.5,280.0
advanced_greedy,random,4601.5,280.0
advanced_greedy,random,4610.5,280.0
advanced_greedy,random,4619.5,280.0
advanced_greedy,random,4628.5,280.0
advanced_greedy,random,4637.5,280.0
advanced_greedy,random,4646.5,280.0
advanced_greedy,random,4655.5,280.0
advanced_greedy,random,4664.5,280.0
advanced_greedy,random,4673.5,280.0
advanced_greedy,random,4682.5,280.0
advanced_greedy,random,4691.5,280.0
advanced_greedy,random,4700.5,280.0
advanced_greedy,random,4709.5,280.0
advanced_greedy,random,4718.5,280.0
advanced_greedy,random,4727.5,280.0
advanced_greedy,random,4736.5,280.0
advanced_greedy,random,4745.5,280.0
advanced_greedy,random,4754.5,280.0
advanced_greedy,random,4763.5,280.0
advanced_greedy,random,4772.5,280.0
advanced_greedy,random,4781.5,280.0
advanced_greedy,random,4790.5,280.0
advanced_greedy,random,4799.5,280.0
advanced_greedy,random,4808.5,280.0
advanced_greedy,random,4817.5,280.0
advanced_greedy,random,4826.5,280.0
advanced_greedy,random,4835.5,280.0
advanced_greedy,random,4844.5,280.0
advanced_greedy,random,4853.5,280.0
advanced_greedy,random,4862.5,280.0
advanced_greedy,random,4871.5,280.0
advanced_greedy,random,4880.5,280.0
advanced_greedy,random,4889.5,280.0
advanced_greedy,random,4898.5,280.0
advanced_greedy,random,4907.5,280.0
advanced_greedy,random,4916.5,280.0
advanced_greedy,random,4925.5,280.0
advanced_greedy,random,4934.5,280.0
advanced_greedy,random,4943.5,280.0
advanced_greedy,random,4952.5,280.0
advanced_greedy,random,4961.5,280.0
advanced_greedy,random,4970.5,280.0
advanced_greedy,random,4979.5,280.0
advanced_greedy,random,4988.5,280.0
advanced_greedy,random,4997.5,280.0
advanced_greedy,random,5006.5,280.0
advanced_greedy,random,5015.5,280.0
advanced_greedy,random,5024.5,280.0
advanced_greedy,random,5033.5,280.0
advanced_greedy,random,5042.5,280.0
advanced_greedy,random,5051.5,280.0
advanced_greedy,random,5060.5,280.0
advanced_greedy,random,5069.5,276.0
advanced_greedy,random,5078.5,276.0
advanced_greedy,random,5087.5,276.0
advanced_greedy,random,5096.5,276.0
advanced_greedy,random,5105.5,276.0
advanced_greedy,random,5114.5,276.0
advanced_greedy,random,5123.5,276.0
advanced_greedy,random,5132.5,276.0
advanced_greedy,random,5141.5,276.0
advanced_greedy,random,5150.5,276.0
advanced_greedy,random,5159.5,276.0
advanced_greedy,random,5168.5,276.0
advanced_greedy,random,5177.5,276.0
advanced_greedy,random,5186.5,276.0
advanced_greedy,random,5195.5,276.0
advanced_greedy,random,5204.5,276.0
advanced_greedy,random,5213.5,276.0
advanced_greedy,random,5222.5,276.0
advanced_greedy,random,5231.5,276.0
advanced_greedy,random,5240.5,276.0
advanced_greedy,random,5249.5,276.0
advanced_greedy,random,5258.5,276.0
advanced_greedy,random,5267.5,276.0
advanced_greedy,random,5276.5,276.0
advanced_greedy,random,5285.5,276.0
advanced_greedy,random,5294.5,276.0
advanced_greedy,random,5303.5,276.0
advanced_greedy,random,5312.5,276.0
advanced_greedy,random,5321.5,276.0
advanced_greedy,random,5330.5,276.0
advanced_greedy,random,5339.5,276.0
advanced_greedy,random,5348.5,276.0
advanced_greedy,random,5357.5,276.0
advanced_greedy,random,5366.5,276.0
advanced_greedy,random,5375.5,276.0
advanced_greedy,random,5384.5,276.0
advanced_greedy,random,5393.5,276.0
advanced_greedy,random,5402.5,276.0
advanced_greedy,stress100to2000,68.15,120.0
advanced_greedy,stress100to2000,109.0,152.0
advanced_greedy,stress100to2000,209.0,236.0
advanced_greedy,stress100to2000,222.55,240.0
advanced_greedy,stress100to2000,281.6,288.0
advanced_greedy,stress100to2000,367.95000000000005,216.0
advanced_greedy,stress100to2000,381.50000000000006,208.0
advanced_greedy,stress100to2000,404.15000000000003,192.0
advanced_greedy,stress100to2000,426.8,208.0
advanced_greedy,stress100to2000,485.85,160.0
advanced_greedy,stress100to2000,581.3000000000001,80.0
advanced_greedy,stress100to2000,622.1500000000001,112.0
advanced_greedy,stress100to2000,667.5500000000001,124.0
advanced_greedy,stress100to2000,690.2,120.0
advanced_greedy,stress100to2000,699.2,120.0
advanced_greedy,stress100to2000,708.2,124.0
advanced_greedy,stress100to2000,717.2,124.0
advanced_greedy,stress100to2000,726.2,124.0
advanced_greedy,stress100to2000,735.2,124.0
advanced_greedy,stress100to2000,744.2,124.0
advanced_greedy,stress100to2000,753.2,124.0
advanced_greedy,stress100to2000,762.2,124.0
advanced_greedy,stress100to2000,771.2,124.0
advanced_greedy,stress100to2000,780.2,124.0
advanced_greedy,stress100to2000,789.2,124.0
advanced_greedy,stress100to2000,798.2,124.0
advanced_greedy,stress100to2000,807.2,124.0
advanced_greedy,stress100to2000,816.2,124.0
advanced_greedy,stress100to2000,825.2,124.0
advanced_greedy,stress100to2000,834.2,124.0
advanced_greedy,stress100to2000,843.2,124.0
advanced_greedy,stress100to2000,852.2,124.0
advanced_greedy,stress100to2000,861.2,124.0
advanced_greedy,stress100to2000,870.2,124.0
advanced_greedy,stress100to2000,879.2,124.0
advanced_greedy,stress100to2000,888.2,124.0
advanced_greedy,stress100to2000,897.2,124.0
advanced_greedy,stress100to2000,906.2,124.0
advanced_greedy,stress100to2000,915.2,124.0
advanced_greedy,stress100to2000,924.2,124.0
advanced_greedy,stress100to2000,933.2,124.0
advanced_greedy,stress100to2000,942.2,124.0
advanced_greedy,stress100to2000,951.2,124.0
advanced_greedy,stress100to2000,960.2,124.0
advanced_greedy,stress100to2000,969.2,124.0
advanced_greedy,stress100to2000,978.2,124.0
advanced_greedy,stress100to2000,987.2,124.0
advanced_greedy,stress100to2000,996.2,124.0
advanced_greedy,stress100to2000,1005.2,124.0
advanced_greedy,stress100to2000,1014.2,124.0
advanced_greedy,stress100to2000,1023.2,124.0
advanced_greedy,stress100to2000,1032.2,124.0
advanced_greedy,stress100to2000,1041.2,124.0
advanced_greedy,stress100to2000,1050.2,124.0
advanced_greedy,stress100to2000,1059.2,124.0
advanced_greedy,stress100to2000,1068.2,124.0
advanced_greedy,stress100to2000,1077.2,124.0
advanced_greedy,stress100to2000,1086.2,124.0
advanced_greedy,stress100to2000,1095.2,124.0
advanced_greedy,stress100to2000,1104.2,124.0
advanced_greedy,stress100to2000,1113.2,124.0
advanced_greedy,stress100to2000,1122.2,124.0
advanced_greedy,stress100to2000,1131.2,124.0
advanced_greedy,stress100to2000,1140.2,124.0
advanced_greedy,stress100to2000,1149.2,124.0
advanced_greedy,stress100to2000,1158.2,124.0
advanced_greedy,stress100to2000,1167.2,124.0
advanced_greedy,stress100to2000,1176.2,124.0
advanced_greedy,stress100to2000,1185.2,124.0
advanced_greedy,stress100to2000,1194.2,124.0
advanced_greedy,stress100to2000,1203.2,124.0
advanced_greedy,stress100to2000,1212.2,124.0
advanced_greedy,stress100to2000,1221.2,124.0
advanced_greedy,stress100to2000,1230.2,124.0
advanced_greedy,stress100to2000,1239.2,124.0
advanced_greedy,stress100to2000,1248.2,124.0
advanced_greedy,stress100to2000,1257.2,124.0
advanced_greedy,stress100to2000,1266.2,124.0
advanced_greedy,stress100to2000,1275.2,124.0
advanced_greedy,stress100to2000,1284.2,124.0
advanced_greedy,stress100to2000,1293.2,124.0
advanced_greedy,stress100to2000,1302.2,124.0
advanced_greedy,stress100to2000,1311.2,124.0
advanced_greedy,stress100to2000,1320.2,124.0
advanced_greedy,stress100to2000,1329.2,124.0
advanced_greedy,stress100to2000,1338.2,124.0
advanced_greedy,stress100to2000,1347.2,124.0
advanced_greedy,stress100to2000,1356.2,124.0
advanced_greedy,stress100to2000,1365.2,124.0
advanced_greedy,stress100to2000,1374.2,124.0
advanced_greedy,stress100to2000,1383.2,124.0
advanced_greedy,stress100to2000,1392.2,124.0
advanced_greedy,stress100to2000,1401.2,124.0
advanced_greedy,stress100to2000,1410.2,124.0
advanced_greedy,stress100to2000,1419.2,124.0
advanced_greedy,stress100to2000,1428.2,124.0
advanced_greedy,stress100to2000,1437.2,124.0
advanced_greedy,stress100to2000,1446.2,124.0
advanced_greedy,stress100to2000,1455.2,124.0
advanced_greedy,stress100to2000,1464.2,124.0
advanced_greedy,stress100to2000,1473.2,124.0
advanced_greedy,stress100to2000,1482.2,124.0
advanced_greedy,stress100to2000,1491.2,124.0
advanced_greedy,stress100to2000,1500.2,124.0
advanced_greedy,stress100to2000,1509.2,124.0
advanced_greedy,stress100to2000,1518.2,124.0
advanced_greedy,stress100to2000,1527.2,124.0
advanced_greedy,stress100to2000,1536.2,124.0
advanced_greedy,stress100to2000,1545.2,120.0
advanced_greedy,stress100to2000,1554.2,120.0
advanced_greedy,stress100to2000,1563.2,120.0
advanced_greedy,stress100to2000,1572.2,120.0
advanced_greedy,stress100to2000,1581.2,120.0
advanced_greedy,stress100to2000,1590.2,120.0
advanced_greedy,stress100to2000,1599.2,120.0
advanced_greedy,stress100to2000,1608.2,120.0
advanced_greedy,stress100to2000,1617.2,120.0
advanced_greedy,stress100to2000,1626.2,120.0
advanced_greedy,stress100to2000,1635.2,120.0
advanced_greedy,stress100to2000,1644.2,120.0
advanced_greedy,stress100to2000,1653.2,120.0
advanced_greedy,stress100to2000,1662.2,120.0
advanced_greedy,stress100to2000,1671.2,120.0
advanced_greedy,stress100to2000,1680.2,120.0
advanced_greedy,stress100to2000,1689.2,120.0
advanced_greedy,stress100to2000,1698.2,120.0
advanced_greedy,stress100to2000,1707.2,120.0
advanced_greedy,stress100to2000,1716.2,120.0
advanced_greedy,stress100to2000,1725.2,120.0
advanced_greedy,stress100to2000,1734.2,120.0
advanced_greedy,stress100to2000,1743.2,120.0
advanced_greedy,stress100to2000,1752.2,116.0
advanced_greedy,stress100to2000,1761.2,116.0
advanced_greedy,stress100to2000,1770.2,116.0
advanced_greedy,stress100to2000,1779.2,116.0
advanced_greedy,stress100to2000,1788.2,112.0
advanced_greedy,stress100to2000,1797.2,112.0
advanced_greedy,stress100to2000,1806.2,108.0
advanced_greedy,stress100to2000,1815.2,104.0
advanced_greedy,stress100to2000,1824.2,100.0
advanced_greedy,stress100to2000,1906.0,32.0
advanced_greedy,stress100to2000,1928.65,28.0
advanced_greedy,stress100to2000,1978.6000000000001,348.0
advanced_greedy,stress100to2000,1987.6000000000001,348.0
advanced_greedy,stress100to2000,1996.6000000000001,348.0
advanced_greedy,stress100to2000,2005.6000000000001,348.0
advanced_greedy,stress100to2000,2014.6000000000001,348.0
advanced_greedy,stress100to2000,2023.6000000000001,348.0
advanced_greedy,stress100to2000,2032.6000000000001,348.0
advanced_greedy,stress100to2000,2041.6000000000001,348.0
advanced_greedy,stress100to2000,2050.6000000000004,348.0
advanced_greedy,stress100to2000,2059.6000000000004,348.0
advanced_greedy,stress100to2000,2068.6000000000004,348.0
advanced_greedy,stress100to2000,2077.6000000000004,348.0
advanced_greedy,stress100to2000,2086.6000000000004,348.0
advanced_greedy,stress100to2000,2095.6000000000004,348.0
advanced_greedy,stress100to2000,2104.6000000000004,348.0
advanced_greedy,stress100to2000,2113.6000000000004,348.0
advanced_greedy,stress100to2000,2122.6000000000004,348.0
advanced_greedy,stress100to2000,2131.6000000000004,348.0
advanced_greedy,stress100to2000,2140.6000000000004,348.0
advanced_greedy,stress100to2000,2149.6000000000004,348.0
advanced_greedy,stress100to2000,2158.6000000000004,348.0
advanced_greedy,stress100to2000,2167.6000000000004,348.0
advanced_greedy,stress100to2000,2176.6000000000004,348.0
advanced_greedy,stress100to2000,2185.6000000000004,348.0
advanced_greedy,stress100to2000,2194.6000000000004,348.0
advanced_greedy,stress100to2000,2203.6000000000004,348.0
advanced_greedy,stress100to2000,2212.6000000000004,348.0
advanced_greedy,stress100to2000,2221.6000000000004,348.0
advanced_greedy,stress100to2000,2230.6000000000004,348.0
advanced_greedy,stress100to2000,2239.6000000000004,348.0
advanced_greedy,stress100to2000,2248.6000000000004,348.0
advanced_greedy,stress100to2000,2257.6000000000004,348.0
advanced_greedy,stress100to2000,2266.6000000000004,348.0
advanced_greedy,stress100to2000,2275.6000000000004,348.0
advanced_greedy,stress100to2000,2284.6000000000004,348.0
advanced_greedy,stress100to2000,2293.6000000000004,348.0
advanced_greedy,stress100to2000,2302.6000000000004,348.0
advanced_greedy,stress100to2000,2311.6000000000004,348.0
advanced_greedy,stress100to2000,2320.6000000000004,348.0
advanced_greedy,stress100to2000,2329.6000000000004,348.0
advanced_greedy,stress100to2000,2338.6000000000004,348.0
advanced_greedy,stress100to2000,2347.6000000000004,348.0
advanced_greedy,stress100to2000,2356.6000000000004,348.0
advanced_greedy,stress100to2000,2365.6000000000004,348.0
advanced_greedy,stress100to2000,2374.6000000000004,348.0
advanced_greedy,stress100to2000,2383.6000000000004,348.0
advanced_greedy,stress100to2000,2392.6000000000004,352.0
advanced_greedy,stress100to2000,2401.6000000000004,352.0
advanced_greedy,stress100to2000,2410.6000000000004,352.0
advanced_greedy,stress100to2000,2419.6000000000004,352.0
advanced_greedy,stress100to2000,2428.6000000000004,352.0
advanced_greedy,stress100to2000,2437.6000000000004,352.0
advanced_greedy,stress100to2000,2446.6000000000004,352.0
advanced_greedy,stress100to2000,2455.6000000000004,352.0
advanced_greedy,stress100to2000,2464.6000000000004,352.0
advanced_greedy,stress100to2000,2473.6000000000004,352.0
advanced_greedy,stress100to2000,2482.6000000000004,352.0
advanced_greedy,stress100to2000,2491.6000000000004,352.0
advanced_greedy,stress100to2000,2500.6000000000004,352.0
advanced_greedy,stress100to2000,2509.6000000000004,352.0
advanced_greedy,stress100to2000,2518.6000000000004,352.0
advanced_greedy,stress100to2000,2527.6000000000004,352.0
advanced_greedy,stress100to2000,2536.6000000000004,352.0
advanced_greedy,stress100to2000,2545.6000000000004,352.0
advanced_greedy,stress100to2000,2554.6000000000004,352.0
advanced_greedy,stress100to2000,2563.6000000000004,352.0
advanced_greedy,stress100to2000,2572.6000000000004,352.0
advanced_greedy,stress100to2000,2581.6000000000004,352.0
advanced_greedy,stress100to2000,2590.6000000000004,352.0
advanced_greedy,stress100to2000,2599.6000000000004,352.0
advanced_greedy,stress100to2000,2608.6000000000004,352.0
advanced_greedy,stress100to2000,2617.6000000000004,352.0
advanced_greedy,stress100to2000,2626.6000000000004,352.0
advanced_greedy,stress100to2000,2635.6000000000004,352.0
advanced_greedy,stress100to2000,2644.6000000000004,352.0
advanced_greedy,stress100to2000,2653.6000000000004,352.0
advanced_greedy,stress100to2000,2662.6000000000004,352.0
advanced_greedy,stress100to2000,2671.6000000000004,352.0
advanced_greedy,stress100to2000,2680.6000000000004,352.0
advanced_greedy,stress100to2000,2689.6000000000004,352.0
advanced_greedy,stress100to2000,2698.6000000000004,352.0
advanced_greedy,stress100to2000,2707.6000000000004,352.0
advanced_greedy,stress100to2000,2716.6000000000004,352.0
advanced_greedy,stress100to2000,2725.6000000000004,352.0
advanced_greedy,stress100to2000,2734.6000000000004,352.0
advanced_greedy,stress100to2000,2743.6000000000004,352.0
advanced_greedy,stress100to2000,2752.6000000000004,352.0
advanced_greedy,stress100to2000,2761.6000000000004,352.0
advanced_greedy,stress100to2000,2770.6000000000004,352.0
advanced_greedy,stress100to2000,2779.6000000000004,352.0
advanced_greedy,stress100to2000,2788.6000000000004,352.0
advanced_greedy,stress100to2000,2797.6000000000004,352.0
advanced_greedy,stress100to2000,2806.6000000000004,352.0
advanced_greedy,stress100to2000,2815.6000000000004,352.0
advanced_greedy,stress100to2000,2824.6000000000004,352.0
advanced_greedy,stress100to2000,2833.6000000000004,352.0
advanced_greedy,stress100to2000,2842.6000000000004,352.0
advanced_greedy,stress100to2000,2851.6000000000004,352.0
advanced_greedy,stress100to2000,2860.6000000000004,352.0
advanced_greedy,stress100to2000,2869.6000000000004,352.0
advanced_greedy,stress100to2000,2878.6000000000004,352.0
advanced_greedy,stress100to2000,2887.6000000000004,352.0
advanced_greedy,stress100to2000,2896.6000000000004,352.0
advanced_greedy,stress100to2000,2905.6000000000004,352.0
advanced_greedy,stress100to2000,2914.6000000000004,352.0
advanced_greedy,stress100to2000,2923.6000000000004,352.0
advanced_greedy,stress100to2000,2932.6000000000004,352.0
advanced_greedy,stress100to2000,2941.6000000000004,356.0
advanced_greedy,stress100to2000,2950.6000000000004,356.0
advanced_greedy,stress100to2000,2959.6000000000004,356.0
advanced_greedy,stress100to2000,2968.6000000000004,356.0
advanced_greedy,stress100to2000,2977.6000000000004,356.0
advanced_greedy,stress100to2000,2986.6000000000004,356.0
advanced_greedy,stress100to2000,2995.6000000000004,356.0
advanced_greedy,stress100to2000,3004.6000000000004,356.0
advanced_greedy,stress100to2000,3013.6000000000004,356.0
advanced_greedy,stress100to2000,3022.6000000000004,356.0
advanced_greedy,stress100to2000,3031.6000000000004,356.0
advanced_greedy,stress100to2000,3040.6000000000004,356.0
advanced_greedy,stress100to2000,3049.6000000000004,356.0
advanced_greedy,stress100to2000,3058.6000000000004,356.0
advanced_greedy,stress100to2000,3067.6000000000004,356.0
advanced_greedy,stress100to2000,3076.6000000000004,356.0
advanced_greedy,stress100to2000,3085.6000000000004,356.0
advanced_greedy,stress100to2000,3094.6000000000004,356.0
advanced_greedy,stress100to2000,3126.3500000000004,332.0
advanced_greedy,stress100to2000,3280.9500000000003,200.0
advanced_greedy,stress100to2000,3321.8,232.0
advanced_greedy,stress100to2000,3330.8,232.0
advanced_greedy,stress100to2000,3339.8,232.0
advanced_greedy,stress100to2000,3348.8,232.0
advanced_greedy,stress100to2000,3357.8,232.0
advanced_greedy,stress100to2000,3366.8,232.0
advanced_greedy,stress100to2000,3375.8,232.0
advanced_greedy,stress100to2000,3384.8,232.0
advanced_greedy,stress100to2000,3393.8,232.0
advanced_greedy,stress100to2000,3402.8,232.0
advanced_greedy,stress100to2000,3411.8,232.0
advanced_greedy,stress100to2000,3420.8,232.0
advanced_greedy,stress100to2000,3429.8,232.0
advanced_greedy,stress100to2000,3438.8,232.0
advanced_greedy,stress100to2000,3447.8,232.0
advanced_greedy,stress100to2000,3456.8,232.0
advanced_greedy,stress100to2000,3465.8,232.0
advanced_greedy,stress100to2000,3488.4500000000003,216.0
advanced_greedy,stress100to2000,3497.4500000000003,216.0
advanced_greedy,stress100to2000,3506.4500000000003,216.0
advanced_greedy,stress100to2000,3515.4500000000003,216.0
advanced_greedy,stress100to2000,3524.4500000000003,216.0
advanced_greedy,stress100to2000,3533.4500000000003,216.0
advanced_greedy,stress100to2000,3542.4500000000003,216.0
advanced_greedy,stress100to2000,3551.4500000000003,216.0
advanced_greedy,stress100to2000,3560.4500000000003,216.0
advanced_greedy,stress100to2000,3569.4500000000003,216.0
advanced_greedy,stress100to2000,3578.4500000000003,216.0
advanced_greedy,stress100to2000,3587.4500000000003,216.0
advanced_greedy,stress100to2000,3596.4500000000003,216.0
advanced_greedy,stress100to2000,3605.4500000000003,216.0
advanced_greedy,stress100to2000,3614.4500000000003,216.0
advanced_greedy,stress100to2000,3623.4500000000003,216.0
advanced_greedy,stress100to2000,3632.4500000000003,216.0
advanced_greedy,stress100to2000,3641.4500000000003,216.0
advanced_greedy,stress100to2000,3650.4500000000003,216.0
advanced_greedy,stress100to2000,3659.4500000000003,216.0
advanced_greedy,stress100to2000,3668.4500000000003,216.0
advanced_greedy,stress100to2000,3677.4500000000003,216.0
advanced_greedy,stress100to2000,3686.4500000000003,216.0
advanced_greedy,stress100to2000,3695.4500000000003,216.0
advanced_greedy,stress100to2000,3704.4500000000003,216.0
advanced_greedy,stress100to2000,3713.4500000000003,216.0
advanced_greedy,stress100to2000,3722.4500000000003,216.0
advanced_greedy,stress100to2000,3731.4500000000003,216.0
advanced_greedy,stress100to2000,3740.4500000000003,216.0
advanced_greedy,stress100to2000,3749.4500000000003,216.0
advanced_greedy,stress100to2000,3758.4500000000003,216.0
advanced_greedy,stress100to2000,3767.4500000000003,216.0
advanced_greedy,stress100to2000,3776.4500000000003,216.0
advanced_greedy,stress100to2000,3785.4500000000003,216.0
advanced_greedy,stress100to2000,3794.4500000000003,216.0
advanced_greedy,stress100to2000,3803.4500000000003,216.0
advanced_greedy,stress100to2000,3812.4500000000003,216.0
advanced_greedy,stress100to2000,3821.4500000000003,216.0
advanced_greedy,stress100to2000,3830.4500000000003,216.0
advanced_greedy,stress100to2000,3839.4500000000003,216.0
advanced_greedy,stress100to2000,3848.4500000000003,216.0
advanced_greedy,stress100to2000,3857.4500000000003,216.0
advanced_greedy,stress100to2000,3866.4500000000003,216.0
advanced_greedy,stress100to2000,3875.4500000000003,216.0
advanced_greedy,stress100to2000,3884.4500000000003,216.0
advanced_greedy,stress100to2000,3893.4500000000003,216.0
advanced_greedy,stress100to2000,3902.4500000000003,216.0
advanced_greedy,stress100to2000,3911.4500000000003,216.0
advanced_greedy,stress100to2000,3920.4500000000003,216.0
advanced_greedy,stress100to2000,3929.4500000000003,216.0
advanced_greedy,stress100to2000,3938.4500000000003,216.0
advanced_greedy,stress100to2000,3979.3,184.0
advanced_greedy,stress100to2000,4083.8500000000004,272.0
advanced_greedy,stress100to2000,4092.8500000000004,272.0
advanced_greedy,stress100to2000,4101.85,272.0
advanced_greedy,stress100to2000,4124.5,284.0
advanced_greedy,stress100to2000,4133.5,284.0
advanced_greedy,stress100to2000,4142.5,284.0
advanced_greedy,stress100to2000,4151.5,284.0
advanced_greedy,stress100to2000,4160.5,284.0
advanced_greedy,stress100to2000,4169.5,284.0
advanced_greedy,stress100to2000,4178.5,284.0
advanced_greedy,stress100to2000,4187.5,284.0
advanced_greedy,stress100to2000,4196.5,284.0
advanced_greedy,stress100to2000,4205.5,284.0
advanced_greedy,stress100to2000,4214.5,284.0
advanced_greedy,stress100to2000,4223.5,284.0
advanced_greedy,stress100to2000,4232.5,284.0
advanced_greedy,stress100to2000,4241.5,284.0
advanced_greedy,stress100to2000,4250.5,284.0
advanced_greedy,stress100to2000,4259.5,284.0
advanced_greedy,stress100to2000,4268.5,284.0
advanced_greedy,stress100to2000,4277.5,284.0
advanced_greedy,stress100to2000,4286.5,284.0
advanced_greedy,stress100to2000,4295.5,284.0
advanced_greedy,stress100to2000,4304.5,284.0
advanced_greedy,stress100to2000,4313.5,284.0
advanced_greedy,stress100to2000,4322.5,284.0
advanced_greedy,stress100to2000,4331.5,284.0
advanced_greedy,stress100to2000,4340.5,284.0
advanced_greedy,stress100to2000,4349.5,284.0
advanced_greedy,stress100to2000,4358.5,284.0
advanced_greedy,stress100to2000,4367.5,284.0
advanced_greedy,stress100to2000,4376.5,284.0
advanced_greedy,stress100to2000,4385.5,284.0
advanced_greedy,stress100to2000,4394.5,284.0
advanced_greedy,stress100to2000,4403.5,284.0
advanced_greedy,stress100to2000,4412.5,284.0
advanced_greedy,stress100to2000,4421.5,284.0
advanced_greedy,stress100to2000,4430.5,284.0
advanced_greedy,stress100to2000,4439.5,284.0
advanced_greedy,stress100to2000,4448.5,280.0
advanced_greedy,stress100to2000,4457.5,280.0
advanced_greedy,stress100to2000,4466.5,280.0
advanced_greedy,stress100to2000,4475.5,280.0
advanced_greedy,stress100to2000,4484.5,280.0
advanced_greedy,stress100to2000,4493.5,280.0
advanced_greedy,stress100to2000,4502.5,280.0
advanced_greedy,stress100to2000,4511.5,280.0
advanced_greedy,stress100to2000,4520.5,280.0
advanced_greedy,stress100to2000,4529.5,280.0
advanced_greedy,stress100to2000,4538.5,280.0
advanced_greedy,stress100to2000,4547.5,280.0
advanced_greedy,stress100to2000,4556.5,280.0
advanced_greedy,stress100to2000,4565.5,280.0
advanced_greedy,stress100to2000,4574.5,280.0
advanced_greedy,stress100to2000,4583.5,280.0
advanced_greedy,stress100to2000,4592.5,280.0
advanced_greedy,stress100to2000,4601.5,280.0
advanced_greedy,stress100to2000,4610.5,280.0
advanced_greedy,stress100to2000,4619.5,280.0
advanced_greedy,stress100to2000,4628.5,280.0
advanced_greedy,stress100to2000,4637.5,280.0
advanced_greedy,stress100to2000,4646.5,280.0
advanced_greedy,stress100to2000,4655.5,280.0
advanced_greedy,stress100to2000,4664.5,280.0
advanced_greedy,stress100to2000,4673.5,280.0
advanced_greedy,stress100to2000,4682.5,280.0
advanced_greedy,stress100to2000,4691.5,280.0
advanced_greedy,stress100to2000,4700.5,280.0
advanced_greedy,stress100to2000,4709.5,280.0
advanced_greedy,stress100to2000,4718.5,280.0
advanced_greedy,stress100to2000,4727.5,280.0
advanced_greedy,stress100to2000,4736.5,280.0
advanced_greedy,stress100to2000,4745.5,280.0
advanced_greedy,stress100to2000,4754.5,280.0
advanced_greedy,stress100to2000,4763.5,280.0
advanced_greedy,stress100to2000,4772.5,280.0
advanced_greedy,stress100to2000,4781.5,280.0
advanced_greedy,stress100to2000,4790.5,280.0
advanced_greedy,stress100to2000,4799.5,280.0
advanced_greedy,stress100to2000,4808.5,280.0
advanced_greedy,stress100to2000,4817.5,280.0
advanced_greedy,stress100to2000,4826.5,280.0
advanced_greedy,stress100to2000,4835.5,280.0
advanced_greedy,stress100to2000,4844.5,280.0
advanced_greedy,stress100to2000,4853.5,280.0
advanced_greedy,stress100to2000,4862.5,280.0
advanced_greedy,stress100to2000,4871.5,280.0
advanced_greedy,stress100to2000,4880.5,280.0
advanced_greedy,stress100to2000,4889.5,280.0
advanced_greedy,stress100to2000,4898.5,280.0
advanced_greedy,stress100to2000,4907.5,280.0
advanced_greedy,stress100to2000,4916.5,280.0
advanced_greedy,stress100to2000,4925.5,280.0
advanced_greedy,stress100to2000,4934.5,280.0
advanced_greedy,stress100to2000,4943.5,280.0
advanced_greedy,stress100to2000,4952.5,280.0
advanced_greedy,stress100to2000,4961.5,280.0
advanced_greedy,stress100to2000,4970.5,280.0
advanced_greedy,stress100to2000,4979.5,280.0
advanced_greedy,stress100to2000,4988.5,280.0
advanced_greedy,stress100to2000,4997.5,280.0
advanced_greedy,stress100to2000,5006.5,280.0
advanced_greedy,stress100to2000,5015.5,280.0
advanced_greedy,stress100to2000,5024.5,280.0
advanced_greedy,stress100to2000,5033.5,280.0
advanced_greedy,stress100to2000,5042.5,280.0
advanced_greedy,stress100to2000,5051.5,280.0
advanced_greedy,stress100to2000,5060.5,280.0
advanced_greedy,stress100to2000,5069.5,276.0
advanced_greedy,stress100to2000,5078.5,276.0
advanced_greedy,stress100to2000,5087.5,276.0
advanced_greedy,stress100to2000,5096.5,276.0
advanced_greedy,stress100to2000,5105.5,276.0
advanced_greedy,stress100to2000,5114.5,276.0
advanced_greedy,stress100to2000,5123.5,276.0
advanced_greedy,stress100to2000,5132.5,276.0
advanced_greedy,stress100to2000,5141.5,276.0
advanced_greedy,stress100to2000,5150.5,276.0
advanced_greedy,stress100to2000,5159.5,276.0
advanced_greedy,stress100to2000,5168.5,276.0
advanced_greedy,stress100to2000,5177.5,276.0
advanced_greedy,stress100to2000,5186.5,276.0
advanced_greedy,stress100to2000,5195.5,276.0
advanced_greedy,stress100to2000,5204.5,276.0
advanced_greedy,stress100to2000,5213.5,276.0
advanced_greedy,stress100to2000,5222.5,276.0
advanced_greedy,stress100to2000,5231.5,276.0
advanced_greedy,stress100to2000,5240.5,276.0
advanced_greedy,stress100to2000,5249.5,276.0
advanced_greedy,stress100to2000,5258.5,276.0
advanced_greedy,stress100to2000,5267.5,276.0
advanced_greedy,stress100to2000,5276.5,276.0
advanced_greedy,stress100to2000,5285.5,276.0
advanced_greedy,stress100to2000,5294.5,276.0
advanced_greedy,stress100to2000,5303.5,276.0
advanced_greedy,stress100to2000,5312.5,276.0
advanced_greedy,stress100to2000,5321.5,276.0
advanced_greedy,stress100to2000,5330.5,276.0
advanced_greedy,stress100to2000,5339.5,276.0
advanced_greedy,stress100to2000,5348.5,276.0
advanced_greedy,stress100to2000,5357.5,276.0
advanced_greedy,stress100to2000,5366.5,276.0
advanced_greedy,stress100to2000,5375.5,276.0
advanced_greedy,stress100to2000,5384.5,276.0
advanced_greedy,stress100to2000,5393.5,276.0
advanced_greedy,stress100to2000,5402.5,276.0
frozen_cnnv2_ppo,nullburn,45.4,28.0
frozen_cnnv2_ppo,nullburn,86.25,12.0
frozen_cnnv2_ppo,nullburn,149.85,320.0
frozen_cnnv2_ppo,nullburn,213.45,312.0
frozen_cnnv2_ppo,nullburn,263.4,288.0
frozen_cnnv2_ppo,nullburn,327.0,236.0
frozen_cnnv2_ppo,nullburn,376.95,228.0
frozen_cnnv2_ppo,nullburn,422.34999999999997,216.0
frozen_cnnv2_ppo,nullburn,431.34999999999997,212.0
frozen_cnnv2_ppo,nullburn,458.54999999999995,208.0
frozen_cnnv2_ppo,nullburn,472.09999999999997,200.0
frozen_cnnv2_ppo,nullburn,503.84999999999997,192.0
frozen_cnnv2_ppo,nullburn,521.9499999999999,180.0
frozen_cnnv2_ppo,nullburn,562.8,160.0
frozen_cnnv2_ppo,nullburn,576.3499999999999,152.0
frozen_cnnv2_ppo,nullburn,603.55,144.0
frozen_cnnv2_ppo,nullburn,626.1999999999999,128.0
frozen_cnnv2_ppo,nullburn,639.7499999999999,124.0
frozen_cnnv2_ppo,nullburn,662.3999999999999,112.0
frozen_cnnv2_ppo,nullburn,694.1499999999999,88.0
frozen_cnnv2_ppo,nullburn,716.7999999999998,80.0
frozen_cnnv2_ppo,nullburn,839.5499999999998,336.0
frozen_cnnv2_ppo,nullburn,862.1999999999998,328.0
frozen_cnnv2_ppo,nullburn,889.3999999999999,308.0
frozen_cnnv2_ppo,nullburn,948.4499999999998,288.0
frozen_cnnv2_ppo,nullburn,1002.9499999999998,244.0
frozen_cnnv2_ppo,nullburn,1011.9499999999998,240.0
frozen_cnnv2_ppo,nullburn,1025.4999999999998,236.0
frozen_cnnv2_ppo,nullburn,1048.1499999999999,220.0
frozen_cnnv2_ppo,nullburn,1070.8,216.0
frozen_cnnv2_ppo,nullburn,1093.45,212.0
frozen_cnnv2_ppo,nullburn,1125.2,204.0
frozen_cnnv2_ppo,nullburn,1152.4,192.0
frozen_cnnv2_ppo,nullburn,1165.95,184.0
frozen_cnnv2_ppo,nullburn,1211.3500000000001,172.0
frozen_cnnv2_ppo,nullburn,1252.2,148.0
frozen_cnnv2_ppo,nullburn,1297.6000000000001,136.0
frozen_cnnv2_ppo,nullburn,1329.3500000000001,128.0
frozen_cnnv2_ppo,nullburn,1342.9,124.0
frozen_cnnv2_ppo,nullburn,1365.5500000000002,112.0
frozen_cnnv2_ppo,nullburn,1392.7500000000002,92.0
frozen_cnnv2_ppo,nullburn,1410.8500000000001,84.0
frozen_cnnv2_ppo,nullburn,1451.7,60.0
frozen_cnnv2_ppo,nullburn,1483.45,36.0
frozen_cnnv2_ppo,nullburn,1501.55,28.0
frozen_cnnv2_ppo,nullburn,1542.3999999999999,16.0
frozen_cnnv2_ppo,nullburn,1596.8999999999999,332.0
frozen_cnnv2_ppo,nullburn,1642.3,328.0
frozen_cnnv2_ppo,nullburn,1719.55,288.0
frozen_cnnv2_ppo,nullburn,1783.1499999999999,248.0
frozen_cnnv2_ppo,nullburn,1842.1999999999998,244.0
frozen_cnnv2_ppo,nullburn,1860.2999999999997,240.0
frozen_cnnv2_ppo,nullburn,1873.8499999999997,236.0
frozen_cnnv2_ppo,nullburn,1891.9499999999996,224.0
frozen_cnnv2_ppo,nullburn,1910.0499999999995,212.0
frozen_cnnv2_ppo,nullburn,1937.2499999999995,208.0
frozen_cnnv2_ppo,nullburn,1968.9999999999995,192.0
frozen_cnnv2_ppo,nullburn,2023.4999999999995,184.0
frozen_cnnv2_ppo,nullburn,2064.3499999999995,152.0
frozen_cnnv2_ppo,nullburn,2091.5499999999993,148.0
frozen_cnnv2_ppo,nullburn,2118.749999999999,128.0
frozen_cnnv2_ppo,nullburn,2136.849999999999,120.0
frozen_cnnv2_ppo,nullburn,2154.949999999999,112.0
frozen_cnnv2_ppo,nullburn,2186.699999999999,96.0
frozen_cnnv2_ppo,nullburn,2209.349999999999,92.0
frozen_cnnv2_ppo,nullburn,2254.749999999999,56.0
frozen_cnnv2_ppo,nullburn,2286.499999999999,32.0
frozen_cnnv2_ppo,nullburn,2309.149999999999,28.0
frozen_cnnv2_ppo,nullburn,2377.2999999999993,332.0
frozen_cnnv2_ppo,nullburn,2409.0499999999993,308.0
frozen_cnnv2_ppo,nullburn,2431.6999999999994,296.0
frozen_cnnv2_ppo,nullburn,2490.7499999999995,344.0
frozen_cnnv2_ppo,nullburn,2536.1499999999996,336.0
frozen_cnnv2_ppo,nullburn,2581.5499999999997,332.0
frozen_cnnv2_ppo,nullburn,2613.2999999999997,308.0
frozen_cnnv2_ppo,nullburn,2635.95,296.0
frozen_cnnv2_ppo,nullburn,2676.7999999999997,264.0
frozen_cnnv2_ppo,nullburn,2694.8999999999996,256.0
frozen_cnnv2_ppo,nullburn,2744.8499999999995,244.0
frozen_cnnv2_ppo,nullburn,2767.4999999999995,240.0
frozen_cnnv2_ppo,nullburn,2785.5999999999995,236.0
frozen_cnnv2_ppo,nullburn,2808.2499999999995,232.0
frozen_cnnv2_ppo,nullburn,2830.8999999999996,216.0
frozen_cnnv2_ppo,nullburn,2853.5499999999997,212.0
frozen_cnnv2_ppo,nullburn,2885.2999999999997,200.0
frozen_cnnv2_ppo,nullburn,2898.85,192.0
frozen_cnnv2_ppo,nullburn,2944.25,168.0
frozen_cnnv2_ppo,nullburn,2998.75,144.0
frozen_cnnv2_ppo,nullburn,3035.05,128.0
frozen_cnnv2_ppo,nullburn,3057.7000000000003,116.0
frozen_cnnv2_ppo,nullburn,3075.8,112.0
frozen_cnnv2_ppo,nullburn,3107.55,104.0
frozen_cnnv2_ppo,nullburn,3143.8500000000004,100.0
frozen_cnnv2_ppo,nullburn,3157.4000000000005,92.0
frozen_cnnv2_ppo,nullburn,3211.9000000000005,48.0
frozen_cnnv2_ppo,nullburn,3239.1000000000004,28.0
frozen_cnnv2_ppo,nullburn,3261.7500000000005,24.0
frozen_cnnv2_ppo,nullburn,3343.5500000000006,316.0
frozen_cnnv2_ppo,nullburn,3357.100000000001,308.0
frozen_cnnv2_ppo,nullburn,3384.3000000000006,288.0
frozen_cnnv2_ppo,nullburn,3416.0500000000006,264.0
frozen_cnnv2_ppo,nullburn,3447.8000000000006,240.0
frozen_cnnv2_ppo,nullburn,3456.8000000000006,236.0
frozen_cnnv2_ppo,nullburn,3474.9000000000005,232.0
frozen_cnnv2_ppo,nullburn,3497.5500000000006,216.0
frozen_cnnv2_ppo,nullburn,3515.6500000000005,204.0
frozen_cnnv2_ppo,nullburn,3533.7500000000005,192.0
frozen_cnnv2_ppo,nullburn,3583.7000000000003,152.0
frozen_cnnv2_ppo,nullburn,3624.55,140.0
frozen_cnnv2_ppo,nullburn,3660.8500000000004,124.0
frozen_cnnv2_ppo,nullburn,3683.5000000000005,112.0
frozen_cnnv2_ppo,nullburn,3697.0500000000006,108.0
frozen_cnnv2_ppo,nullburn,3742.4500000000007,100.0
frozen_cnnv2_ppo,nullburn,3778.750000000001,92.0
frozen_cnnv2_ppo,nullburn,3815.050000000001,84.0
frozen_cnnv2_ppo,nullburn,3865.000000000001,44.0
frozen_cnnv2_ppo,nullburn,3892.2000000000007,28.0
frozen_cnnv2_ppo,nullburn,3914.850000000001,20.0
frozen_cnnv2_ppo,nullburn,3942.0500000000006,0.0
frozen_cnnv2_ppo,nullburn,3973.8000000000006,336.0
frozen_cnnv2_ppo,nullburn,4019.2000000000007,300.0
frozen_cnnv2_ppo,nullburn,4037.3000000000006,288.0
frozen_cnnv2_ppo,nullburn,4059.9500000000007,272.0
frozen_cnnv2_ppo,nullburn,4100.800000000001,240.0
frozen_cnnv2_ppo,nullburn,4118.9000000000015,232.0
frozen_cnnv2_ppo,nullburn,4164.300000000001,224.0
frozen_cnnv2_ppo,nullburn,4196.050000000001,220.0
frozen_cnnv2_ppo,nullburn,4232.350000000001,192.0
frozen_cnnv2_ppo,nullburn,4268.6500000000015,184.0
frozen_cnnv2_ppo,nullburn,4309.500000000002,152.0
frozen_cnnv2_ppo,nullburn,4327.600000000002,140.0
frozen_cnnv2_ppo,nullburn,4363.900000000002,124.0
frozen_cnnv2_ppo,nullburn,4386.550000000002,112.0
frozen_cnnv2_ppo,nullburn,4404.650000000002,104.0
frozen_cnnv2_ppo,nullburn,4436.400000000002,92.0
frozen_cnnv2_ppo,nullburn,4472.700000000003,84.0
frozen_cnnv2_ppo,nullburn,4595.450000000003,340.0
frozen_cnnv2_ppo,nullburn,4631.750000000003,312.0
frozen_cnnv2_ppo,nullburn,4658.950000000003,292.0
frozen_cnnv2_ppo,nullburn,4677.050000000003,280.0
frozen_cnnv2_ppo,nullburn,4695.150000000003,276.0
frozen_cnnv2_ppo,nullburn,4736.000000000004,244.0
frozen_cnnv2_ppo,nullburn,4745.000000000004,240.0
frozen_cnnv2_ppo,nullburn,4785.850000000004,236.0
frozen_cnnv2_ppo,nullburn,4835.800000000004,232.0
frozen_cnnv2_ppo,nullburn,4853.900000000004,220.0
frozen_cnnv2_ppo,nullburn,4890.200000000004,192.0
frozen_cnnv2_ppo,nullburn,4940.150000000004,152.0
frozen_cnnv2_ppo,nullburn,4976.450000000004,140.0
frozen_cnnv2_ppo,nullburn,5012.750000000005,120.0
frozen_cnnv2_ppo,nullburn,5026.300000000005,116.0
frozen_cnnv2_ppo,nullburn,5048.950000000004,108.0
frozen_cnnv2_ppo,nullburn,5098.900000000004,104.0
frozen_cnnv2_ppo,nullburn,5126.100000000004,92.0
frozen_cnnv2_ppo,nullburn,5157.850000000004,84.0
frozen_cnnv2_ppo,nullburn,5207.800000000004,44.0
frozen_cnnv2_ppo,nullburn,5235.000000000004,28.0
frozen_cnnv2_ppo,nullburn,5257.650000000003,16.0
frozen_cnnv2_ppo,nullburn,5271.2000000000035,8.0
frozen_cnnv2_ppo,nullburn,5307.500000000004,340.0
frozen_cnnv2_ppo,nullburn,5352.900000000003,304.0
frozen_cnnv2_ppo,nullburn,5380.100000000003,284.0
frozen_cnnv2_ppo,nullburn,5402.750000000003,280.0
frozen_cnnv2_ppo,random,45.4,28.0
frozen_cnnv2_ppo,random,86.25,12.0
frozen_cnnv2_ppo,random,149.85,320.0
frozen_cnnv2_ppo,random,213.45,312.0
frozen_cnnv2_ppo,random,263.4,288.0
frozen_cnnv2_ppo,random,327.0,236.0
frozen_cnnv2_ppo,random,376.95,228.0
frozen_cnnv2_ppo,random,422.34999999999997,216.0
frozen_cnnv2_ppo,random,431.34999999999997,212.0
frozen_cnnv2_ppo,random,458.54999999999995,208.0
frozen_cnnv2_ppo,random,472.09999999999997,200.0
frozen_cnnv2_ppo,random,503.84999999999997,192.0
frozen_cnnv2_ppo,random,521.9499999999999,180.0
frozen_cnnv2_ppo,random,562.8,160.0
frozen_cnnv2_ppo,random,576.3499999999999,152.0
frozen_cnnv2_ppo,random,603.55,144.0
frozen_cnnv2_ppo,random,626.1999999999999,128.0
frozen_cnnv2_ppo,random,639.7499999999999,124.0
frozen_cnnv2_ppo,random,662.3999999999999,112.0
frozen_cnnv2_ppo,random,694.1499999999999,88.0
frozen_cnnv2_ppo,random,716.7999999999998,80.0
frozen_cnnv2_ppo,random,839.5499999999998,336.0
frozen_cnnv2_ppo,random,862.1999999999998,328.0
frozen_cnnv2_ppo,random,889.3999999999999,308.0
frozen_cnnv2_ppo,random,948.4499999999998,288.0
frozen_cnnv2_ppo,random,1002.9499999999998,244.0
frozen_cnnv2_ppo,random,1011.9499999999998,240.0
frozen_cnnv2_ppo,random,1025.4999999999998,236.0
frozen_cnnv2_ppo,random,1048.1499999999999,220.0
frozen_cnnv2_ppo,random,1070.8,216.0
frozen_cnnv2_ppo,random,1093.45,212.0
frozen_cnnv2_ppo,random,1125.2,204.0
frozen_cnnv2_ppo,random,1152.4,192.0
frozen_cnnv2_ppo,random,1165.95,184.0
frozen_cnnv2_ppo,random,1211.3500000000001,172.0
frozen_cnnv2_ppo,random,1252.2,148.0
frozen_cnnv2_ppo,random,1297.6000000000001,136.0
frozen_cnnv2_ppo,random,1329.3500000000001,128.0
frozen_cnnv2_ppo,random,1342.9,124.0
frozen_cnnv2_ppo,random,1365.5500000000002,112.0
frozen_cnnv2_ppo,random,1392.7500000000002,92.0
frozen_cnnv2_ppo,random,1410.8500000000001,84.0
frozen_cnnv2_ppo,random,1451.7,60.0
frozen_cnnv2_ppo,random,1483.45,36.0
frozen_cnnv2_ppo,random,1501.55,28.0
frozen_cnnv2_ppo,random,1542.3999999999999,16.0
frozen_cnnv2_ppo,random,1596.8999999999999,332.0
frozen_cnnv2_ppo,random,1642.3,328.0
frozen_cnnv2_ppo,random,1719.55,288.0
frozen_cnnv2_ppo,random,1783.1499999999999,248.0
frozen_cnnv2_ppo,random,1842.1999999999998,244.0
frozen_cnnv2_ppo,random,1860.2999999999997,240.0
frozen_cnnv2_ppo,random,1873.8499999999997,236.0
frozen_cnnv2_ppo,random,1891.9499999999996,224.0
frozen_cnnv2_ppo,random,1910.0499999999995,212.0
frozen_cnnv2_ppo,random,1937.2499999999995,208.0
frozen_cnnv2_ppo,random,1968.9999999999995,192.0
frozen_cnnv2_ppo,random,2023.4999999999995,184.0
frozen_cnnv2_ppo,random,2064.3499999999995,152.0
frozen_cnnv2_ppo,random,2091.5499999999993,148.0
frozen_cnnv2_ppo,random,2118.749999999999,128.0
frozen_cnnv2_ppo,random,2136.849999999999,120.0
frozen_cnnv2_ppo,random,2154.949999999999,112.0
frozen_cnnv2_ppo,random,2186.699999999999,96.0
frozen_cnnv2_ppo,random,2209.349999999999,92.0
frozen_cnnv2_ppo,random,2254.749999999999,56.0
frozen_cnnv2_ppo,random,2286.499999999999,32.0
frozen_cnnv2_ppo,random,2309.149999999999,28.0
frozen_cnnv2_ppo,random,2377.2999999999993,332.0
frozen_cnnv2_ppo,random,2409.0499999999993,308.0
frozen_cnnv2_ppo,random,2431.6999999999994,296.0
frozen_cnnv2_ppo,random,2490.7499999999995,344.0
frozen_cnnv2_ppo,random,2536.1499999999996,336.0
frozen_cnnv2_ppo,random,2581.5499999999997,332.0
frozen_cnnv2_ppo,random,2613.2999999999997,308.0
frozen_cnnv2_ppo,random,2635.95,296.0
frozen_cnnv2_ppo,random,2676.7999999999997,264.0
frozen_cnnv2_ppo,random,2694.8999999999996,256.0
frozen_cnnv2_ppo,random,2744.8499999999995,244.0
frozen_cnnv2_ppo,random,2767.4999999999995,240.0
frozen_cnnv2_ppo,random,2785.5999999999995,236.0
frozen_cnnv2_ppo,random,2808.2499999999995,232.0
frozen_cnnv2_ppo,random,2830.8999999999996,216.0
frozen_cnnv2_ppo,random,2853.5499999999997,212.0
frozen_cnnv2_ppo,random,2885.2999999999997,200.0
frozen_cnnv2_ppo,random,2898.85,192.0
frozen_cnnv2_ppo,random,2944.25,168.0
frozen_cnnv2_ppo,random,2998.75,144.0
frozen_cnnv2_ppo,random,3035.05,128.0
frozen_cnnv2_ppo,random,3057.7000000000003,116.0
frozen_cnnv2_ppo,random,3075.8,112.0
frozen_cnnv2_ppo,random,3107.55,104.0
frozen_cnnv2_ppo,random,3143.8500000000004,100.0
frozen_cnnv2_ppo,random,3157.4000000000005,92.0
frozen_cnnv2_ppo,random,3211.9000000000005,48.0
frozen_cnnv2_ppo,random,3239.1000000000004,28.0
frozen_cnnv2_ppo,random,3261.7500000000005,24.0
frozen_cnnv2_ppo,random,3343.5500000000006,316.0
frozen_cnnv2_ppo,random,3357.100000000001,308.0
frozen_cnnv2_ppo,random,3384.3000000000006,288.0
frozen_cnnv2_ppo,random,3416.0500000000006,264.0
frozen_cnnv2_ppo,random,3447.8000000000006,240.0
frozen_cnnv2_ppo,random,3456.8000000000006,236.0
frozen_cnnv2_ppo,random,3474.9000000000005,232.0
frozen_cnnv2_ppo,random,3497.5500000000006,216.0
frozen_cnnv2_ppo,random,3515.6500000000005,204.0
frozen_cnnv2_ppo,random,3533.7500000000005,192.0
frozen_cnnv2_ppo,random,3583.7000000000003,152.0
frozen_cnnv2_ppo,random,3624.55,140.0
frozen_cnnv2_ppo,random,3660.8500000000004,124.0
frozen_cnnv2_ppo,random,3683.5000000000005,112.0
frozen_cnnv2_ppo,random,3697.0500000000006,108.0
frozen_cnnv2_ppo,random,3742.4500000000007,100.0
frozen_cnnv2_ppo,random,3778.750000000001,92.0
frozen_cnnv2_ppo,random,3815.050000000001,84.0
frozen_cnnv2_ppo,random,3865.000000000001,44.0
frozen_cnnv2_ppo,random,3892.2000000000007,28.0
frozen_cnnv2_ppo,random,3914.850000000001,20.0
frozen_cnnv2_ppo,random,3942.0500000000006,0.0
frozen_cnnv2_ppo,random,3973.8000000000006,336.0
frozen_cnnv2_ppo,random,4019.2000000000007,300.0
frozen_cnnv2_ppo,random,4037.3000000000006,288.0
frozen_cnnv2_ppo,random,4059.9500000000007,272.0
frozen_cnnv2_ppo,random,4100.800000000001,240.0
frozen_cnnv2_ppo,random,4118.9000000000015,232.0
frozen_cnnv2_ppo,random,4164.300000000001,224.0
frozen_cnnv2_ppo,random,4196.050000000001,220.0
frozen_cnnv2_ppo,random,4232.350000000001,192.0
frozen_cnnv2_ppo,random,4268.6500000000015,184.0
frozen_cnnv2_ppo,random,4309.500000000002,152.0
frozen_cnnv2_ppo,random,4327.600000000002,140.0
frozen_cnnv2_ppo,random,4363.900000000002,124.0
frozen_cnnv2_ppo,random,4386.550000000002,112.0
frozen_cnnv2_ppo,random,4404.650000000002,104.0
frozen_cnnv2_ppo,random,4436.400000000002,92.0
frozen_cnnv2_ppo,random,4472.700000000003,84.0
frozen_cnnv2_ppo,random,4595.450000000003,340.0
frozen_cnnv2_ppo,random,4631.750000000003,312.0
frozen_cnnv2_ppo,random,4658.950000000003,292.0
frozen_cnnv2_ppo,random,4677.050000000003,280.0
frozen_cnnv2_ppo,random,4695.150000000003,276.0
frozen_cnnv2_ppo,random,4736.000000000004,244.0
frozen_cnnv2_ppo,random,4745.000000000004,240.0
frozen_cnnv2_ppo,random,4785.850000000004,236.0
frozen_cnnv2_ppo,random,4835.800000000004,232.0
frozen_cnnv2_ppo,random,4853.900000000004,220.0
frozen_cnnv2_ppo,random,4890.200000000004,192.0
frozen_cnnv2_ppo,random,4940.150000000004,152.0
frozen_cnnv2_ppo,random,4976.450000000004,140.0
frozen_cnnv2_ppo,random,5012.750000000005,120.0
frozen_cnnv2_ppo,random,5026.300000000005,116.0
frozen_cnnv2_ppo,random,5048.950000000004,108.0
frozen_cnnv2_ppo,random,5098.900000000004,104.0
frozen_cnnv2_ppo,random,5126.100000000004,92.0
frozen_cnnv2_ppo,random,5157.850000000004,84.0
frozen_cnnv2_ppo,random,5207.800000000004,44.0
frozen_cnnv2_ppo,random,5235.000000000004,28.0
frozen_cnnv2_ppo,random,5257.650000000003,16.0
frozen_cnnv2_ppo,random,5271.2000000000035,8.0
frozen_cnnv2_ppo,random,5307.500000000004,340.0
frozen_cnnv2_ppo,random,5352.900000000003,304.0
frozen_cnnv2_ppo,random,5380.100000000003,284.0
frozen_cnnv2_ppo,random,5402.750000000003,280.0
frozen_cnnv2_ppo,stress100to2000,45.4,28.0
frozen_cnnv2_ppo,stress100to2000,86.25,12.0
frozen_cnnv2_ppo,stress100to2000,149.85,320.0
frozen_cnnv2_ppo,stress100to2000,213.45,312.0
frozen_cnnv2_ppo,stress100to2000,263.4,288.0
frozen_cnnv2_ppo,stress100to2000,327.0,236.0
frozen_cnnv2_ppo,stress100to2000,376.95,228.0
frozen_cnnv2_ppo,stress100to2000,422.34999999999997,216.0
frozen_cnnv2_ppo,stress100to2000,431.34999999999997,212.0
frozen_cnnv2_ppo,stress100to2000,458.54999999999995,208.0
frozen_cnnv2_ppo,stress100to2000,472.09999999999997,200.0
frozen_cnnv2_ppo,stress100to2000,503.84999999999997,192.0
frozen_cnnv2_ppo,stress100to2000,521.9499999999999,180.0
frozen_cnnv2_ppo,stress100to2000,562.8,160.0
frozen_cnnv2_ppo,stress100to2000,576.3499999999999,152.0
frozen_cnnv2_ppo,stress100to2000,603.55,144.0
frozen_cnnv2_ppo,stress100to2000,626.1999999999999,128.0
frozen_cnnv2_ppo,stress100to2000,639.7499999999999,124.0
frozen_cnnv2_ppo,stress100to2000,662.3999999999999,112.0
frozen_cnnv2_ppo,stress100to2000,694.1499999999999,88.0
frozen_cnnv2_ppo,stress100to2000,716.7999999999998,80.0
frozen_cnnv2_ppo,stress100to2000,839.5499999999998,336.0
frozen_cnnv2_ppo,stress100to2000,862.1999999999998,328.0
frozen_cnnv2_ppo,stress100to2000,889.3999999999999,308.0
frozen_cnnv2_ppo,stress100to2000,948.4499999999998,288.0
frozen_cnnv2_ppo,stress100to2000,1002.9499999999998,244.0
frozen_cnnv2_ppo,stress100to2000,1011.9499999999998,240.0
frozen_cnnv2_ppo,stress100to2000,1025.4999999999998,236.0
frozen_cnnv2_ppo,stress100to2000,1048.1499999999999,220.0
frozen_cnnv2_ppo,stress100to2000,1070.8,216.0
frozen_cnnv2_ppo,stress100to2000,1093.45,212.0
frozen_cnnv2_ppo,stress100to2000,1125.2,204.0
frozen_cnnv2_ppo,stress100to2000,1152.4,192.0
frozen_cnnv2_ppo,stress100to2000,1165.95,184.0
frozen_cnnv2_ppo,stress100to2000,1211.3500000000001,172.0
frozen_cnnv2_ppo,stress100to2000,1252.2,148.0
frozen_cnnv2_ppo,stress100to2000,1297.6000000000001,136.0
frozen_cnnv2_ppo,stress100to2000,1329.3500000000001,128.0
frozen_cnnv2_ppo,stress100to2000,1342.9,124.0
frozen_cnnv2_ppo,stress100to2000,1365.5500000000002,112.0
frozen_cnnv2_ppo,stress100to2000,1392.7500000000002,92.0
frozen_cnnv2_ppo,stress100to2000,1410.8500000000001,84.0
frozen_cnnv2_ppo,stress100to2000,1451.7,60.0
frozen_cnnv2_ppo,stress100to2000,1483.45,36.0
frozen_cnnv2_ppo,stress100to2000,1501.55,28.0
frozen_cnnv2_ppo,stress100to2000,1542.3999999999999,16.0
frozen_cnnv2_ppo,stress100to2000,1596.8999999999999,332.0
frozen_cnnv2_ppo,stress100to2000,1642.3,328.0
frozen_cnnv2_ppo,stress100to2000,1719.55,288.0
frozen_cnnv2_ppo,stress100to2000,1783.1499999999999,248.0
frozen_cnnv2_ppo,stress100to2000,1842.1999999999998,244.0
frozen_cnnv2_ppo,stress100to2000,1860.2999999999997,240.0
frozen_cnnv2_ppo,stress100to2000,1873.8499999999997,236.0
frozen_cnnv2_ppo,stress100to2000,1891.9499999999996,224.0
frozen_cnnv2_ppo,stress100to2000,1910.0499999999995,212.0
frozen_cnnv2_ppo,stress100to2000,1937.2499999999995,208.0
frozen_cnnv2_ppo,stress100to2000,1968.9999999999995,192.0
frozen_cnnv2_ppo,stress100to2000,2023.4999999999995,184.0
frozen_cnnv2_ppo,stress100to2000,2064.3499999999995,152.0
frozen_cnnv2_ppo,stress100to2000,2091.5499999999993,148.0
frozen_cnnv2_ppo,stress100to2000,2118.749999999999,128.0
frozen_cnnv2_ppo,stress100to2000,2136.849999999999,120.0
frozen_cnnv2_ppo,stress100to2000,2154.949999999999,112.0
frozen_cnnv2_ppo,stress100to2000,2186.699999999999,96.0
frozen_cnnv2_ppo,stress100to2000,2209.349999999999,92.0
frozen_cnnv2_ppo,stress100to2000,2254.749999999999,56.0
frozen_cnnv2_ppo,stress100to2000,2286.499999999999,32.0
frozen_cnnv2_ppo,stress100to2000,2309.149999999999,28.0
frozen_cnnv2_ppo,stress100to2000,2377.2999999999993,332.0
frozen_cnnv2_ppo,stress100to2000,2409.0499999999993,308.0
frozen_cnnv2_ppo,stress100to2000,2431.6999999999994,296.0
frozen_cnnv2_ppo,stress100to2000,2490.7499999999995,344.0
frozen_cnnv2_ppo,stress100to2000,2536.1499999999996,336.0
frozen_cnnv2_ppo,stress100to2000,2581.5499999999997,332.0
frozen_cnnv2_ppo,stress100to2000,2613.2999999999997,308.0
frozen_cnnv2_ppo,stress100to2000,2635.95,296.0
frozen_cnnv2_ppo,stress100to2000,2676.7999999999997,264.0
frozen_cnnv2_ppo,stress100to2000,2694.8999999999996,256.0
frozen_cnnv2_ppo,stress100to2000,2744.8499999999995,244.0
frozen_cnnv2_ppo,stress100to2000,2767.4999999999995,240.0
frozen_cnnv2_ppo,stress100to2000,2785.5999999999995,236.0
frozen_cnnv2_ppo,stress100to2000,2808.2499999999995,232.0
frozen_cnnv2_ppo,stress100to2000,2830.8999999999996,216.0
frozen_cnnv2_ppo,stress100to2000,2853.5499999999997,212.0
frozen_cnnv2_ppo,stress100to2000,2885.2999999999997,200.0
frozen_cnnv2_ppo,stress100to2000,2898.85,192.0
frozen_cnnv2_ppo,stress100to2000,2944.25,168.0
frozen_cnnv2_ppo,stress100to2000,2998.75,144.0
frozen_cnnv2_ppo,stress100to2000,3035.05,128.0
frozen_cnnv2_ppo,stress100to2000,3057.7000000000003,116.0
frozen_cnnv2_ppo,stress100to2000,3075.8,112.0
frozen_cnnv2_ppo,stress100to2000,3107.55,104.0
frozen_cnnv2_ppo,stress100to2000,3143.8500000000004,100.0
frozen_cnnv2_ppo,stress100to2000,3157.4000000000005,92.0
frozen_cnnv2_ppo,stress100to2000,3211.9000000000005,48.0
frozen_cnnv2_ppo,stress100to2000,3239.1000000000004,28.0
frozen_cnnv2_ppo,stress100to2000,3261.7500000000005,24.0
frozen_cnnv2_ppo,stress100to2000,3343.5500000000006,316.0
frozen_cnnv2_ppo,stress100to2000,3357.100000000001,308.0
frozen_cnnv2_ppo,stress100to2000,3384.3000000000006,288.0
frozen_cnnv2_ppo,stress100to2000,3416.0500000000006,264.0
frozen_cnnv2_ppo,stress100to2000,3447.8000000000006,240.0
frozen_cnnv2_ppo,stress100to2000,3456.8000000000006,236.0
frozen_cnnv2_ppo,stress100to2000,3474.9000000000005,232.0
frozen_cnnv2_ppo,stress100to2000,3497.5500000000006,216.0
frozen_cnnv2_ppo,stress100to2000,3515.6500000000005,204.0
frozen_cnnv2_ppo,stress100to2000,3533.7500000000005,192.0
frozen_cnnv2_ppo,stress100to2000,3583.7000000000003,152.0
frozen_cnnv2_ppo,stress100to2000,3624.55,140.0
frozen_cnnv2_ppo,stress100to2000,3660.8500000000004,124.0
frozen_cnnv2_ppo,stress100to2000,3683.5000000000005,112.0
frozen_cnnv2_ppo,stress100to2000,3697.0500000000006,108.0
frozen_cnnv2_ppo,stress100to2000,3742.4500000000007,100.0
frozen_cnnv2_ppo,stress100to2000,3778.750000000001,92.0
frozen_cnnv2_ppo,stress100to2000,3815.050000000001,84.0
frozen_cnnv2_ppo,stress100to2000,3865.000000000001,44.0
frozen_cnnv2_ppo,stress100to2000,3892.2000000000007,28.0
frozen_cnnv2_ppo,stress100to2000,3914.850000000001,20.0
frozen_cnnv2_ppo,stress100to2000,3942.0500000000006,0.0
frozen_cnnv2_ppo,stress100to2000,3973.8000000000006,336.0
frozen_cnnv2_ppo,stress100to2000,4019.2000000000007,300.0
frozen_cnnv2_ppo,stress100to2000,4037.3000000000006,288.0
frozen_cnnv2_ppo,stress100to2000,4059.9500000000007,272.0
frozen_cnnv2_ppo,stress100to2000,4100.800000000001,240.0
frozen_cnnv2_ppo,stress100to2000,4118.9000000000015,232.0
frozen_cnnv2_ppo,stress100to2000,4164.300000000001,224.0
frozen_cnnv2_ppo,stress100to2000,4196.050000000001,220.0
frozen_cnnv2_ppo,stress100to2000,4232.350000000001,192.0
frozen_cnnv2_ppo,stress100to2000,4268.6500000000015,184.0
frozen_cnnv2_ppo,stress100to2000,4309.500000000002,152.0
frozen_cnnv2_ppo,stress100to2000,4327.600000000002,140.0
frozen_cnnv2_ppo,stress100to2000,4363.900000000002,124.0
frozen_cnnv2_ppo,stress100to2000,4386.550000000002,112.0
frozen_cnnv2_ppo,stress100to2000,4404.650000000002,104.0
frozen_cnnv2_ppo,stress100to2000,4436.400000000002,92.0
frozen_cnnv2_ppo,stress100to2000,4472.700000000003,84.0
frozen_cnnv2_ppo,stress100to2000,4595.450000000003,340.0
frozen_cnnv2_ppo,stress100to2000,4631.750000000003,312.0
frozen_cnnv2_ppo,stress100to2000,4658.950000000003,292.0
frozen_cnnv2_ppo,stress100to2000,4677.050000000003,280.0
frozen_cnnv2_ppo,stress100to2000,4695.150000000003,276.0
frozen_cnnv2_ppo,stress100to2000,4736.000000000004,244.0
frozen_cnnv2_ppo,stress100to2000,4745.000000000004,240.0
frozen_cnnv2_ppo,stress100to2000,4785.850000000004,236.0
frozen_cnnv2_ppo,stress100to2000,4835.800000000004,232.0
frozen_cnnv2_ppo,stress100to2000,4853.900000000004,220.0
frozen_cnnv2_ppo,stress100to2000,4890.200000000004,192.0
frozen_cnnv2_ppo,stress100to2000,4940.150000000004,152.0
frozen_cnnv2_ppo,stress100to2000,4976.450000000004,140.0
frozen_cnnv2_ppo,stress100to2000,5012.750000000005,120.0
frozen_cnnv2_ppo,stress100to2000,5026.300000000005,116.0
frozen_cnnv2_ppo,stress100to2000,5048.950000000004,108.0
frozen_cnnv2_ppo,stress100to2000,5098.900000000004,104.0
frozen_cnnv2_ppo,stress100to2000,5126.100000000004,92.0
frozen_cnnv2_ppo,stress100to2000,5157.850000000004,84.0
frozen_cnnv2_ppo,stress100to2000,5207.800000000004,44.0
frozen_cnnv2_ppo,stress100to2000,5235.000000000004,28.0
frozen_cnnv2_ppo,stress100to2000,5257.650000000003,16.0
frozen_cnnv2_ppo,stress100to2000,5271.2000000000035,8.0
frozen_cnnv2_ppo,stress100to2000,5307.500000000004,340.0
frozen_cnnv2_ppo,stress100to2000,5352.900000000003,304.0
frozen_cnnv2_ppo,stress100to2000,5380.100000000003,284.0
frozen_cnnv2_ppo,stress100to2000,5402.750000000003,280.0
