policy,sigma_km,maneuver,group,measurements,mean_nis,median_nis,p95_nis,fraction_above_chi2_p95,fraction_above_chi2_p99
advanced_greedy,0,nullburn,all,136430,0.0001135540834,1.122065669e-06,2.443244075e-05,0,0
advanced_greedy,0,nullburn,non_maneuvering,109563,0.0001269133721,1.114192514e-06,2.442996793e-05,0,0
advanced_greedy,0,nullburn,maneuvering_before_burn,11527,6.820176456e-05,1.270539315e-06,3.064470839e-05,0,0
advanced_greedy,0,nullburn,maneuvering_after_burn,15340,5.221721456e-05,1.074959016e-06,1.941705277e-05,0,0
advanced_greedy,0,zerodv,all,136430,0.0001135540834,1.122065669e-06,2.443244075e-05,0,0
advanced_greedy,0,zerodv,non_maneuvering,109563,0.0001269133721,1.114192514e-06,2.442996793e-05,0,0
advanced_greedy,0,zerodv,maneuvering_before_burn,1768,0.0003688274906,7.001018048e-06,0.0001079621841,0,0
advanced_greedy,0,zerodv,maneuvering_after_burn,25099,3.72559388e-05,1.063273203e-06,1.740314547e-05,0,0
advanced_greedy,0,random,all,136361,1.809555885,1.427507755e-06,0.4261804521,0.02183175541,0.01821635218
advanced_greedy,0,random,non_maneuvering,109722,0.0001254655872,1.109415962e-06,2.436078057e-05,0,0
advanced_greedy,0,random,maneuvering_before_burn,11527,6.820505537e-05,1.270148687e-06,3.064470839e-05,0,0
advanced_greedy,0,random,maneuvering_after_burn,15112,16.32730926,0.2775276899,109.1784882,0.196995765,0.164372684
advanced_greedy,10,nullburn,all,136443,2.893790552,2.251303673,7.716062212,0.04763161174,0.009681698585
advanced_greedy,10,nullburn,non_maneuvering,109733,2.897179557,2.255026102,7.728543377,0.0478707408,0.009650697602
advanced_greedy,10,nullburn,maneuvering_before_burn,11552,2.785729147,2.148115993,7.476152372,0.04293628809,0.008656509695
advanced_greedy,10,nullburn,maneuvering_after_burn,15158,2.951610817,2.302360773,7.780701256,0.04947882306,0.01068742578
advanced_greedy,10,zerodv,all,136443,2.893790552,2.251303673,7.716062212,0.04763161174,0.009681698585
advanced_greedy,10,zerodv,non_maneuvering,109733,2.897179557,2.255026102,7.728543377,0.0478707408,0.009650697602
advanced_greedy,10,zerodv,maneuvering_before_burn,1767,2.039986616,1.348779678,6.368620348,0.0220713073,0.003395585739
advanced_greedy,10,zerodv,maneuvering_after_burn,24943,2.939365895,2.301851511,7.735157728,0.04839032995,0.01026340055
advanced_greedy,10,random,all,136405,4.701902552,2.346410751,9.096947289,0.07180088706,0.03051940911
advanced_greedy,10,random,non_maneuvering,109867,2.897120599,2.254578114,7.727961493,0.04784876259,0.009629825152
advanced_greedy,10,random,maneuvering_before_burn,11552,2.785843985,2.148115993,7.476152372,0.04293628809,0.008656509695
advanced_greedy,10,random,maneuvering_after_burn,14986,19.41031623,3.680543542,112.9995499,0.2696516749,0.2005204858
advanced_greedy,10,radial,all,136406,3.284653117,2.31483376,8.410004377,0.06184478689,0.02045364573
advanced_greedy,10,radial,non_maneuvering,109741,2.896754139,2.254317999,7.731204987,0.0478854758,0.009659106442
advanced_greedy,10,radial,maneuvering_before_burn,11554,2.785554618,2.147377491,7.474884844,0.04292885581,0.008655011252
advanced_greedy,10,radial,maneuvering_after_burn,15111,6.48331672,3.036669254,20.86772823,0.17768513,0.1078684402
advanced_greedy,10,transverse,all,136309,3.112925599,2.306436539,8.235440826,0.05850677505,0.0170861792
advanced_greedy,10,transverse,non_maneuvering,109685,2.897107839,2.254317999,7.730839634,0.04788257282,0.009645803893
advanced_greedy,10,transverse,maneuvering_before_burn,11549,2.785522308,2.14774847,7.476870251,0.04294744134,0.008658758334
advanced_greedy,10,transverse,maneuvering_after_burn,15075,4.934030176,2.895258427,14.5736764,0.1477280265,0.07767827529
advanced_greedy,10,normal,all,136313,7.129380833,2.386628866,10.14167767,0.08325691607,0.04142671645
advanced_greedy,10,normal,non_maneuvering,109752,2.897282732,2.254750133,7.727940392,0.04786245353,0.0096672498
advanced_greedy,10,normal,maneuvering_before_burn,11551,2.785905855,2.148483515,7.476333618,0.04294000519,0.008657259112
advanced_greedy,10,normal,maneuvering_after_burn,15010,41.4167033,4.823717356,262.8923431,0.3730846103,0.2988674217
advanced_greedy,10,finite1800s,all,136431,3.699291407,2.308967113,8.42660141,0.06195072967,0.02176924599
advanced_greedy,10,finite1800s,non_maneuvering,109874,2.897266702,2.254480362,7.728473806,0.04787301818,0.009656515645
advanced_greedy,10,finite1800s,maneuvering_before_burn,11554,2.785569068,2.147377491,7.475789881,0.04292885581,0.008655011252
advanced_greedy,10,finite1800s,maneuvering_after_burn,15003,10.27656331,2.958492279,47.91291389,0.1796973939,0.1205758848
advanced_greedy,10,stress100to2000,all,125480,139.9202867,2.480008245,149.6252411,0.1189193497,0.08253905005
advanced_greedy,10,stress100to2000,non_maneuvering,104031,2.900012688,2.258407593,7.737180233,0.04801453413,0.009804769732
advanced_greedy,10,stress100to2000,maneuvering_before_burn,11454,2.78535023,2.152507067,7.445895004,0.04234328619,0.008643268727
advanced_greedy,10,stress100to2000,maneuvering_after_burn,9995,1723.221906,292.2272339,6954.812354,0.9446723362,0.9242621311
frozen_cnnv2_ppo,0,nullburn,all,52862,0.0004334090188,5.724171842e-06,8.305589145e-05,0,0
frozen_cnnv2_ppo,0,nullburn,non_maneuvering,42534,0.0004600782638,5.652807204e-06,8.24207822e-05,0,0
frozen_cnnv2_ppo,0,nullburn,maneuvering_before_burn,5084,0.0004305403016,8.884266208e-06,9.71983347e-05,0,0
frozen_cnnv2_ppo,0,nullburn,maneuvering_after_burn,5244,0.0002198763898,4.429489991e-06,7.022413447e-05,0,0
frozen_cnnv2_ppo,0,zerodv,all,52862,0.0004334090188,5.724171842e-06,8.305589145e-05,0,0
frozen_cnnv2_ppo,0,zerodv,non_maneuvering,42534,0.0004600782638,5.652807204e-06,8.24207822e-05,0,0
frozen_cnnv2_ppo,0,zerodv,maneuvering_before_burn,1682,0.0005536557072,1.167306118e-05,0.0001199686871,0,0
frozen_cnnv2_ppo,0,zerodv,maneuvering_after_burn,8646,0.0002788167686,5.405672937e-06,7.651000124e-05,0,0
frozen_cnnv2_ppo,0,random,all,52814,2.312424287,7.377636166e-06,0.6666133821,0.02698148218,0.02334608248
frozen_cnnv2_ppo,0,random,non_maneuvering,42534,0.000460078451,5.653135759e-06,8.243524244e-05,0,0
frozen_cnnv2_ppo,0,random,maneuvering_before_burn,5084,0.0004305401675,8.888328466e-06,9.71983347e-05,0,0
frozen_cnnv2_ppo,0,random,maneuvering_after_burn,5196,23.50011903,0.7117932737,122.9285984,0.2742494226,0.2372979215
frozen_cnnv2_ppo,10,nullburn,all,52865,2.619793999,2.003554106,7.139150715,0.03665941549,0.007150288471
frozen_cnnv2_ppo,10,nullburn,non_maneuvering,42540,2.623739742,2.009271502,7.125304699,0.03627174424,0.007310766338
frozen_cnnv2_ppo,10,nullburn,maneuvering_before_burn,5084,2.406926017,1.759207189,6.951686621,0.03422501967,0.005114083399
frozen_cnnv2_ppo,10,nullburn,maneuvering_after_burn,5241,2.794258597,2.158757687,7.472056389,0.04216752528,0.007822934554
frozen_cnnv2_ppo,10,zerodv,all,52865,2.619793999,2.003554106,7.139150715,0.03665941549,0.007150288471
frozen_cnnv2_ppo,10,zerodv,non_maneuvering,42540,2.623739742,2.009271502,7.125304699,0.03627174424,0.007310766338
frozen_cnnv2_ppo,10,zerodv,maneuvering_before_burn,1682,1.785294604,1.106336772,5.943435216,0.01902497027,0.003567181926
frozen_cnnv2_ppo,10,zerodv,maneuvering_after_burn,8643,2.762773997,2.141482592,7.397160769,0.0419993058,0.007057734583
frozen_cnnv2_ppo,10,random,all,52818,4.938165818,2.102423906,8.908544111,0.06592449544,0.03339770533
frozen_cnnv2_ppo,10,random,non_maneuvering,42540,2.623739742,2.009271502,7.125304699,0.03627174424,0.007310766338
frozen_cnnv2_ppo,10,random,maneuvering_before_burn,5084,2.406926017,1.759207189,6.951686621,0.03422501967,0.005114083399
frozen_cnnv2_ppo,10,random,maneuvering_after_burn,5194,26.37145585,4.299814463,127.4838932,0.3398151714,0.2747400847
frozen_cnnv2_ppo,10,radial,all,52856,4.317481524,2.099291086,8.828042269,0.06487437566,0.03199258362
frozen_cnnv2_ppo,10,radial,non_maneuvering,42540,2.623790053,2.009271502,7.125304699,0.03629525153,0.007310766338
frozen_cnnv2_ppo,10,radial,maneuvering_before_burn,5084,2.406927106,1.759207189,6.951686621,0.03422501967,0.005114083399
frozen_cnnv2_ppo,10,radial,maneuvering_after_burn,5232,19.94494594,4.15907979,95.30350227,0.3270259939,0.2587920489
frozen_cnnv2_ppo,10,transverse,all,52810,3.781944159,2.092415333,8.521638441,0.0614466957,0.02779776557
frozen_cnnv2_ppo,10,transverse,non_maneuvering,42545,2.624051401,2.009403706,7.126306057,0.03626748149,0.007333411682
frozen_cnnv2_ppo,10,transverse,maneuvering_before_burn,5085,2.407060724,1.760155439,6.951488018,0.03421828909,0.005113077679
frozen_cnnv2_ppo,10,transverse,maneuvering_after_burn,5180,14.64175683,3.84962368,67.9769371,0.294980695,0.2181467181
frozen_cnnv2_ppo,10,normal,all,52813,6.758457996,2.120410204,9.419505882,0.07068335448,0.03790733342
frozen_cnnv2_ppo,10,normal,non_maneuvering,42540,2.623739742,2.009271502,7.125304699,0.03627174424,0.007310766338
frozen_cnnv2_ppo,10,normal,maneuvering_before_burn,5084,2.406926017,1.759207189,6.951686621,0.03422501967,0.005114083399
frozen_cnnv2_ppo,10,normal,maneuvering_after_burn,5189,44.91881705,4.93874836,237.0327637,0.3885141646,0.3208710734
frozen_cnnv2_ppo,10,finite1800s,all,52837,3.729994529,2.066774607,8.142635918,0.05539678634,0.02284384049
frozen_cnnv2_ppo,10,finite1800s,non_maneuvering,42540,2.623790053,2.009271502,7.125304699,0.03629525153,0.007310766338
frozen_cnnv2_ppo,10,finite1800s,maneuvering_before_burn,5084,2.406927106,1.759207189,6.951686621,0.03422501967,0.005114083399
frozen_cnnv2_ppo,10,finite1800s,maneuvering_after_burn,5213,14.0473575,3.2050879,62.28959122,0.2319201995,0.1668904661
frozen_cnnv2_ppo,10,stress100to2000,all,51369,304.7614918,2.178426981,257.5771851,0.1029609297,0.07510366174
frozen_cnnv2_ppo,10,stress100to2000,non_maneuvering,42532,2.624843311,2.010194778,7.130414391,0.03630207844,0.007335653155
frozen_cnnv2_ppo,10,stress100to2000,maneuvering_before_burn,5083,2.407171272,1.7617805,6.951885223,0.0342317529,0.005115089514
frozen_cnnv2_ppo,10,stress100to2000,maneuvering_after_burn,3754,4137.298238,775.9278564,19091.69541,0.9512519979,0.9376664891
